Row Labels,Number of instructors,Sum of Number of schools,No delivery due to covid,Sum of Levels 1 and 2 places attended (2020/21),Sum of L1 and L2 places attended - 2019/20,Sum of Level 3 Places Attended (2020/21),Sum of Plus Places Attended (2020/21),Sum of % schools that booked Bikeability2,Sum of % schools that booked Bikeability,Sum of Level 3 places attended - 2019/20,Sum of Level 3 Places Attended (2018/19),Sum of Levels 1 and 2 Places Attended (2018/19)
AL1,1,22,,23,335,0,0,18,18,0,0,166
AL10,2,13,,88,106,18,0,15,15,10,8,87
AL2,1,7,,28,117,0,0,43,43,0,16,112
AL3,3,18,,260,313,0,0,50,50,33,16,275
AL4,2,13,,156,123,0,0,23,23,0,0,81
AL5,3,21,,222,404,0,0,33,33,0,0,348
AL6,0,6,,45,96,19,0,33,33,0,0,123
AL7,3,13,,35,98,0,0,15,15,23,0,161
AL8,1,9,,92,153,0,0,33,33,0,0,110
AL9,0,7,Yes,0,69,0,0,29,29,0,0,42
B1,0,3,,0,129,0,0,0,0,0,0,33
B10,1,14,,0,295,0,0,0,0,0,0,240
B11,1,19,Yes,0,216,0,0,5,5,0,0,181
B12,2,17,,98,352,0,32,12,12,0,0,75
B13,1,22,Yes,0,705,0,0,5,5,122,124,812
B14,5,20,,103,358,16,12,25,25,0,0,447
B15,1,18,Yes,0,85,0,0,6,6,12,25,193
B16,1,7,,0,24,0,0,0,0,0,0,46
B17,1,10,Yes,0,48,0,0,10,10,0,0,45
B18,0,10,,0,0,0,0,0,0,0,0,0
B19,1,16,,0,152,0,0,0,0,0,0,0
B20,1,13,Yes,0,161,0,0,8,8,0,0,143
B21,1,16,Yes,0,53,0,0,6,6,0,0,0
B23,1,22,Yes,0,199,0,0,9,9,0,0,172
B24,2,10,,96,98,0,23,30,30,0,0,70
B25,0,3,Yes,0,78,0,0,33,33,0,0,0
B26,3,12,,0,148,0,0,0,0,0,0,24
B27,0,9,,0,96,0,0,0,0,31,0,77
B28,1,10,,29,130,0,4,30,30,0,0,94
B29,2,20,,333,111,8,42,20,20,0,0,170
B30,6,13,,146,195,0,0,15,15,0,0,121
B31,2,21,,88,268,0,0,14,14,0,0,230
B32,0,15,Yes,0,131,0,0,20,20,0,0,330
B33,1,16,Yes,0,655,0,0,6,6,0,42,283
B34,3,7,Yes,0,276,0,0,14,14,0,0,90
B35,0,7,,0,0,0,0,0,0,0,0,36
B36,2,19,,28,168,0,0,16,16,0,0,248
B37,0,14,,180,576,0,0,43,43,0,0,623
B38,0,8,Yes,0,53,0,0,13,13,0,0,100
B4,0,1,,0,0,0,0,0,0,0,0,0
B42,0,9,Yes,0,0,0,0,11,11,0,0,30
B43,0,10,,0,154,0,0,0,0,0,0,129
B44,6,18,Yes,0,129,0,0,11,11,0,0,92
B45,1,17,,171,305,0,10,29,29,0,0,247
B46,1,7,,93,53,0,0,14,14,0,0,0
B47,0,3,Yes,0,47,0,0,33,33,0,0,30
B48,0,2,,0,0,0,0,0,0,0,0,0
B49,0,10,,18,38,0,0,30,30,0,0,67
B5,2,2,,0,0,0,0,0,0,0,0,0
B50,0,1,,30,36,0,0,100,100,0,0,35
B6,0,15,,95,40,18,12,13,13,0,0,0
B60,2,12,,26,144,0,0,25,25,0,0,156
B61,1,12,Yes,0,381,0,0,17,17,0,0,308
B62,0,7,Yes,0,145,0,0,43,43,0,0,109
B63,1,13,Yes,0,366,0,0,15,15,77,0,155
B64,0,6,Yes,0,54,0,0,33,33,0,0,32
B65,0,8,,24,57,0,0,13,13,0,0,44
B66,0,10,,25,44,0,0,10,10,0,0,29
B67,2,9,,42,68,0,0,22,22,0,0,92
B68,1,15,,20,225,0,0,20,20,0,0,93
B69,0,12,,57,209,0,0,25,25,0,0,204
B7,0,10,,12,245,0,0,20,20,0,0,172
B70,0,13,,30,68,0,0,8,8,0,0,39
B71,0,12,,33,81,0,0,17,17,0,0,60
B72,0,5,,28,108,0,0,40,40,0,0,83
B73,3,8,,30,89,0,34,25,25,0,24,125
B74,1,10,,140,164,0,0,20,20,36,54,80
B75,0,11,Yes,0,149,0,0,36,36,0,0,0
B76,1,8,,19,84,0,23,25,25,0,0,0
B77,0,24,,112,168,19,31,17,17,24,0,159
B78,0,10,,0,35,0,0,0,0,0,0,58
B79,1,16,,266,120,0,54,19,19,0,0,129
B8,1,18,Yes,0,417,0,0,11,11,0,0,283
B80,0,5,,0,25,0,0,0,0,0,0,0
B9,3,11,Yes,0,439,0,0,18,18,0,0,104
B90,2,19,,190,904,0,0,42,42,0,0,797
B91,1,17,Yes,0,757,0,0,47,47,26,88,842
B92,5,14,,68,389,0,0,43,43,0,0,361
B93,6,7,,374,205,0,0,43,43,0,38,354
B94,2,4,,14,53,0,0,75,75,0,0,80
B95,0,6,,61,21,0,0,67,67,0,16,58
B96,1,3,,0,45,0,0,0,0,0,0,33
B97,2,11,,0,87,0,0,0,0,0,0,113
B98,1,22,Yes,0,77,0,0,9,9,0,0,103
BA1,2,17,,29,40,0,0,12,12,0,0,19
BA10,0,4,,6,0,0,0,25,25,0,0,0
BA11,0,20,,24,36,0,0,10,10,0,0,36
BA12,0,17,,68,124,0,0,35,35,0,0,69
BA13,0,9,Yes,0,81,0,0,22,22,0,0,29
BA14,3,24,,104,119,0,0,46,46,0,0,221
BA15,2,5,,12,10,0,0,40,40,0,0,12
BA16,0,7,,43,72,0,0,43,43,0,0,45
BA2,1,35,,24,37,0,0,6,6,0,0,39
BA20,0,3,,72,42,0,0,100,100,0,0,60
BA21,0,15,,42,36,0,0,7,7,0,0,31
BA22,0,11,,48,106,0,0,18,18,0,0,23
BA3,1,24,,150,166,0,0,25,25,0,0,141
BA4,1,10,,42,72,0,0,30,30,0,0,59
BA5,1,12,,117,80,0,0,58,58,0,0,63
BA6,0,9,,64,18,0,0,33,33,0,0,19
BA7,0,3,,0,22,0,0,0,0,0,0,35
BA8,0,4,,25,43,0,0,50,50,0,0,24
BA9,0,3,,0,24,0,0,0,0,0,0,12
BB1,5,35,,117,592,0,30,17,17,117,187,460
BB10,1,20,,327,353,71,192,50,50,64,22,536
BB11,0,15,,358,190,25,87,53,53,52,8,356
BB12,1,26,,787,189,99,216,58,58,35,0,530
BB18,1,9,Yes,0,400,0,0,11,11,11,0,364
BB2,8,38,,422,874,33,32,21,21,156,462,750
BB3,6,20,,135,417,0,0,20,20,0,0,526
BB4,3,27,,60,804,0,0,37,37,40,18,929
BB5,4,37,,219,212,30,90,46,46,74,0,109
BB6,1,7,,79,137,7,0,43,43,11,0,0
BB7,8,25,,43,202,0,179,40,40,0,0,0
BB8,5,15,,32,282,0,0,13,13,41,0,430
BB9,3,27,Yes,0,924,0,0,11,11,0,0,752
BD1,0,1,,0,0,0,0,0,0,0,0,0
BD10,2,11,Yes,0,12,0,0,9,9,0,0,10
BD11,0,2,,22,125,0,0,50,50,0,0,45
BD12,1,6,,46,81,0,0,33,33,0,0,48
BD13,1,11,Yes,0,96,0,0,27,27,0,0,218
BD14,0,4,,46,22,0,6,25,25,0,0,24
BD15,0,6,,44,116,0,0,50,50,0,0,90
BD16,5,13,,92,271,10,5,31,31,21,0,155
BD17,3,5,,134,109,0,0,40,40,0,0,153
BD18,7,11,Yes,0,18,0,0,18,18,0,0,33
BD19,2,9,,66,134,0,28,56,56,0,0,0
BD2,3,12,Yes,0,124,0,0,8,8,0,0,124
BD20,2,16,,27,67,0,0,13,13,0,0,97
BD21,0,10,,129,230,0,63,30,30,0,0,114
BD22,2,14,,80,94,0,0,21,21,0,0,110
BD23,1,27,,94,229,0,0,26,26,0,0,206
BD24,1,4,,15,16,0,0,25,25,0,0,26
BD3,0,17,Yes,0,492,0,0,12,12,0,0,368
BD4,0,17,,111,53,0,40,12,12,0,0,15
BD5,1,24,,0,26,0,0,0,0,0,0,58
BD6,0,10,,25,30,0,0,10,10,0,0,0
BD7,1,10,,0,0,0,0,0,0,0,0,100
BD8,1,20,,127,31,0,24,5,5,0,0,192
BD9,1,17,,114,190,0,0,24,24,0,0,199
BH1,0,3,,0,0,0,0,0,0,0,0,0
BH10,0,6,Yes,0,46,0,0,33,33,3,0,9
BH11,1,7,Yes,0,24,0,0,29,29,0,0,33
BH12,1,11,,12,56,0,0,45,45,0,0,42
BH13,0,1,,0,0,0,0,0,0,0,0,0
BH14,2,5,,48,69,0,0,40,40,0,0,47
BH15,0,10,,10,127,0,0,50,50,29,27,111
BH16,1,6,,26,15,0,0,50,50,0,0,0
BH17,1,10,,23,54,0,0,30,30,0,0,84
BH18,0,4,Yes,0,35,0,0,25,25,3,15,58
BH19,0,6,,7,32,9,0,17,17,6,33,45
BH2,1,3,,0,23,0,0,0,0,0,0,12
BH20,0,11,,99,48,0,0,27,27,0,0,36
BH21,1,26,,5,110,9,0,15,15,15,15,68
BH22,1,7,,25,72,0,0,29,29,15,24,58
BH23,3,19,,108,440,103,0,47,47,116,53,228
BH24,3,10,,18,295,0,0,10,10,0,3,186
BH25,1,8,,50,103,9,0,25,25,42,0,208
BH3,0,1,,30,25,0,0,100,100,0,0,0
BH31,0,4,,0,0,0,0,0,0,0,0,0
BH4,0,1,,0,0,0,0,0,0,0,0,0
BH5,0,3,Yes,0,55,0,0,67,67,0,0,52
BH6,2,4,,12,0,0,0,25,25,0,0,49
BH7,0,4,,0,41,0,0,0,0,0,0,0
BH8,1,9,,0,0,0,0,0,0,0,0,0
BH9,0,7,,38,140,0,0,43,43,0,0,109
BL0,2,10,,35,234,0,0,30,30,0,0,291
BL1,1,32,,282,413,14,104,44,44,6,0,464
BL2,4,20,,23,319,0,0,20,20,8,0,233
BL3,2,38,,142,325,2,60,26,26,6,0,307
BL4,1,21,,110,265,4,66,33,33,0,22,288
BL5,2,11,,0,287,0,8,36,36,7,19,222
BL6,2,14,,89,298,0,0,29,29,6,0,151
BL7,1,9,,52,179,12,39,22,22,0,0,196
BL8,2,20,,151,309,0,0,45,45,0,0,120
BL9,1,28,,71,199,0,0,39,39,0,0,174
BN1,7,29,,100,434,0,28,28,28,0,0,418
BN10,1,4,,86,119,0,0,50,50,3,0,82
BN11,3,10,,60,68,0,0,10,10,0,0,64
BN12,1,8,,115,22,0,0,38,38,0,0,84
BN13,2,8,,3,0,0,0,13,13,0,0,0
BN14,1,12,,138,56,0,0,25,25,0,0,88
BN15,2,9,,60,0,0,0,11,11,0,22,0
BN16,0,8,,60,42,0,0,13,13,0,0,0
BN17,2,7,,122,46,0,0,29,29,0,0,126
BN18,1,9,,68,0,0,0,33,33,0,0,0
BN2,6,27,,0,430,0,30,30,30,0,0,158
BN20,2,10,,0,134,0,144,10,10,2,10,0
BN21,2,4,,46,47,0,0,25,25,0,0,0
BN22,1,13,,29,116,0,16,8,8,0,0,142
BN23,1,9,,26,134,0,0,44,44,1,0,56
BN24,0,3,,12,74,0,0,67,67,6,11,78
BN25,3,8,Yes,0,90,0,0,25,25,7,10,56
BN26,0,2,,0,21,0,0,0,0,0,0,9
BN27,2,11,,48,118,0,0,36,36,0,0,133
BN3,4,21,Yes,0,292,0,0,19,19,0,0,622
BN41,1,9,,65,217,0,48,56,56,24,0,157
BN42,0,2,,0,49,0,0,0,0,0,0,38
BN43,2,9,,0,34,0,0,0,0,0,0,51
BN44,3,4,,0,0,0,0,0,0,0,0,0
BN5,0,1,,31,0,0,0,100,100,0,0,0
BN6,0,8,,53,110,0,0,25,25,0,0,153
BN7,2,11,,50,221,0,0,73,73,9,7,289
BN8,1,12,,151,185,0,0,67,67,0,0,141
BN9,1,6,,48,29,0,12,33,33,7,4,67
BR1,7,23,,0,0,0,0,0,0,0,0,0
BR2,4,18,,0,0,0,0,0,0,0,0,0
BR3,6,19,,0,0,0,0,0,0,0,0,0
BR4,0,8,,0,0,0,0,0,0,0,0,0
BR5,2,16,,0,0,0,0,0,0,0,0,0
BR6,4,19,,0,0,0,0,0,0,0,0,0
BR7,0,11,,0,0,0,0,0,0,0,0,0
BR8,0,11,,36,73,0,0,18,18,0,0,63
BS1,0,5,,12,12,0,0,20,20,0,0,0
BS10,1,11,Yes,0,66,0,0,9,9,0,0,9
BS11,1,11,,78,83,0,0,36,36,0,23,173
BS13,1,13,,86,104,0,0,23,23,0,0,65
BS14,1,11,,0,85,0,0,0,0,0,0,87
BS15,2,16,,0,383,54,0,25,25,143,159,333
BS16,3,34,,86,667,0,25,29,29,15,0,549
BS2,2,9,,12,24,0,0,11,11,0,0,20
BS20,0,10,,214,391,12,0,50,50,0,70,240
BS21,2,7,,124,98,0,0,29,29,0,7,41
BS22,1,13,,181,83,36,0,46,46,0,101,89
BS23,1,11,,76,40,0,0,36,36,24,21,77
BS24,1,11,,125,35,0,0,36,36,0,0,108
BS25,0,5,,0,43,42,0,20,20,0,9,79
BS26,0,2,,0,0,0,0,0,0,0,0,0
BS27,1,4,,0,0,0,0,0,0,0,0,0
BS28,0,2,,3,0,0,0,50,50,0,0,0
BS29,0,1,,0,19,0,0,0,0,0,0,0
BS3,7,12,Yes,0,151,0,0,8,8,0,0,206
BS30,0,13,,54,248,73,25,54,54,0,0,365
BS31,0,11,,24,29,0,0,9,9,0,0,0
BS32,1,12,,114,144,0,25,58,58,0,0,148
BS34,0,12,,48,162,0,0,25,25,44,33,329
BS35,5,16,,110,206,0,25,44,44,0,16,326
BS36,1,6,,31,288,0,0,83,83,0,0,306
BS37,1,20,,33,306,41,0,20,20,0,0,170
BS39,0,9,,49,88,0,0,11,11,0,0,133
BS4,1,19,,38,254,0,0,16,16,0,0,171
BS40,0,10,,65,95,0,0,20,20,0,0,87
BS41,1,3,,0,106,0,0,0,0,0,0,108
BS48,2,14,,88,83,24,10,29,29,63,88,87
BS49,0,4,,0,25,0,0,0,0,0,0,0
BS5,2,17,Yes,0,49,0,0,6,6,0,0,102
BS6,1,13,,125,93,0,0,31,31,12,0,213
BS7,2,15,,42,427,0,0,27,27,0,0,368
BS8,0,8,,0,164,0,0,0,0,0,0,56
BS9,1,11,,77,353,0,0,55,55,0,11,220
CA1,0,10,,47,185,0,0,40,40,0,5,134
CA10,3,15,,80,267,0,0,47,47,0,0,170
CA11,10,14,,60,292,0,0,57,57,34,43,301
CA12,1,6,,108,91,0,0,67,67,30,15,50
CA13,1,9,,104,197,0,0,67,67,0,0,251
CA14,0,21,,95,378,0,0,33,33,24,28,316
CA15,1,13,,97,129,0,0,38,38,18,22,142
CA16,0,6,,41,107,0,0,83,83,0,0,110
CA17,2,3,,6,50,17,0,100,100,6,21,53
CA19,0,1,,9,0,0,0,100,100,0,0,6
CA2,0,15,,77,364,0,0,33,33,0,4,456
CA20,0,2,,23,92,0,0,50,50,0,0,48
CA21,0,1,,6,12,0,0,100,100,0,0,8
CA22,0,5,,34,101,0,0,60,60,16,16,74
CA23,0,1,,0,0,0,0,0,0,0,0,11
CA24,0,1,,0,6,0,0,0,0,0,0,0
CA25,0,3,,19,44,0,0,33,33,0,0,39
CA26,0,5,,9,0,0,0,20,20,0,0,26
CA27,0,2,Yes,0,21,0,0,50,50,0,0,16
CA28,0,17,,42,210,0,0,29,29,0,0,220
CA3,0,6,,19,274,0,0,33,33,0,0,162
CA4,1,9,,60,135,0,0,44,44,0,0,207
CA5,0,9,,53,75,0,0,56,56,0,0,89
CA6,0,8,,60,102,0,0,50,50,0,0,90
CA7,0,21,,79,222,0,0,33,33,30,43,179
CA8,1,10,,63,132,0,0,40,40,0,0,120
CA9,0,3,,0,27,0,0,0,0,0,0,0
CB1,9,21,,204,514,23,0,52,52,36,137,621
CB10,1,6,,32,106,0,0,100,100,0,0,25
CB11,1,11,,58,205,56,29,82,82,58,0,33
CB2,3,16,,224,123,7,0,44,44,47,41,329
CB21,1,15,,96,225,0,0,33,33,0,0,309
CB22,2,12,,287,327,0,0,75,75,0,0,290
CB23,1,16,,627,548,22,0,94,94,18,26,648
CB24,7,18,,302,582,0,0,44,44,0,0,514
CB25,3,6,,75,131,0,0,67,67,0,0,155
CB3,0,6,,23,95,0,0,83,83,0,0,88
CB4,6,17,,64,507,0,0,41,41,61,48,249
CB5,1,4,,18,31,0,0,50,50,0,0,31
CB6,3,19,,188,322,0,0,42,42,0,0,428
CB7,2,9,Yes,0,331,0,0,56,56,0,0,289
CB8,0,15,,117,188,0,0,40,40,0,0,98
CB9,0,15,,12,9,0,0,13,13,0,0,24
CH1,0,13,,38,65,0,0,23,23,20,21,62
CH2,5,17,,162,91,84,0,41,41,68,87,179
CH3,1,20,,132,184,0,0,20,20,36,78,228
CH4,3,11,Yes,0,82,0,0,9,9,0,0,65
CH41,0,13,,10,30,0,0,15,15,0,0,0
CH42,0,8,,12,15,0,0,13,13,0,0,0
CH43,0,17,,75,236,0,0,12,12,9,0,0
CH44,0,9,,34,47,0,0,22,22,31,0,0
CH45,0,10,,0,244,0,0,0,0,19,0,0
CH46,2,11,,5,56,0,0,9,9,24,0,0
CH47,0,2,,0,27,0,0,0,0,0,0,0
CH48,3,9,,0,88,0,0,0,0,0,0,0
CH49,2,17,,0,73,44,0,6,6,44,0,0
CH60,1,4,,0,79,0,0,0,0,24,0,0
CH61,0,7,,26,97,0,0,29,29,0,0,0
CH62,2,9,,183,221,0,0,56,56,0,0,0
CH63,2,15,,66,213,0,0,7,7,0,0,0
CH64,0,7,,15,139,0,0,14,14,0,0,59
CH65,0,14,,0,53,0,0,0,0,0,0,119
CH66,0,13,,28,78,0,0,31,31,0,0,83
CH7,3,,,,,,,,,,,
CM0,1,6,Yes,0,94,0,0,33,33,0,0,58
CM1,4,28,,65,424,36,0,32,32,0,11,248
CM11,2,7,,72,74,0,0,29,29,0,0,73
CM12,2,9,,84,382,0,0,56,56,38,42,213
CM13,1,11,,53,219,22,0,55,55,23,24,140
CM14,1,5,,31,12,0,0,20,20,0,0,12
CM15,2,17,,33,214,0,0,29,29,6,21,228
CM16,1,9,,105,111,18,0,67,67,6,0,14
CM17,1,10,,55,99,0,0,40,40,0,0,47
CM18,0,15,,17,64,0,0,27,27,0,0,95
CM19,1,7,,13,68,0,0,71,71,0,0,60
CM2,7,27,,190,308,20,0,37,37,24,0,292
CM20,0,10,,21,52,0,0,60,60,0,0,47
CM21,0,5,Yes,0,95,0,0,20,20,0,0,22
CM22,0,9,,31,196,0,0,44,44,0,0,132
CM23,1,22,,37,369,0,0,32,32,27,0,259
CM24,0,4,Yes,0,54,0,0,50,50,0,0,0
CM3,4,28,,260,564,0,0,46,46,0,0,350
CM4,0,6,,16,117,0,0,17,17,0,0,75
CM5,1,6,Yes,0,39,0,0,50,50,0,0,11
CM6,0,11,,139,247,0,30,55,55,0,5,133
CM7,2,18,,99,202,0,0,39,39,27,0,141
CM77,2,5,,88,89,0,0,40,40,0,0,75
CM8,0,14,,59,102,0,0,43,43,0,20,91
CM9,2,12,,76,230,0,0,33,33,0,0,215
CO1,2,4,,60,110,0,0,100,100,0,0,65
CO10,1,24,,28,115,0,0,25,25,0,0,212
CO11,1,7,,70,49,0,0,43,43,0,0,77
CO12,1,9,,11,66,0,0,44,44,0,0,43
CO13,1,5,Yes,0,66,0,0,40,40,0,0,54
CO14,0,2,,32,50,0,0,100,100,0,0,41
CO15,3,12,,96,12,0,0,25,25,15,59,12
CO16,1,9,,9,120,0,0,44,44,0,0,75
CO2,2,17,Yes,0,147,0,0,29,29,0,0,96
CO3,1,22,,107,327,0,0,32,32,5,30,259
CO4,3,21,,29,298,0,0,29,29,10,0,376
CO5,3,12,,71,144,0,0,25,25,0,27,177
CO6,1,17,,62,411,0,0,41,41,0,0,170
CO7,0,15,,58,241,0,0,20,20,4,4,168
CO8,0,1,Yes,0,27,0,0,100,100,0,0,0
CO9,0,17,,21,86,0,0,29,29,0,0,130
CR0,4,58,,0,0,0,0,0,0,0,0,0
CR2,0,20,,0,0,0,0,0,0,0,0,0
CR3,2,18,,13,146,0,0,17,17,0,0,128
CR4,3,24,,0,0,0,0,0,0,0,0,0
CR5,0,9,,0,0,0,0,0,0,0,0,0
CR6,0,4,,0,22,0,0,0,0,0,0,0
CR7,0,18,,0,0,0,0,0,0,0,0,0
CR8,0,15,,0,0,0,0,0,0,0,0,0
CT1,2,13,,50,53,0,0,15,15,36,0,0
CT10,1,6,,0,0,0,0,0,0,0,0,0
CT11,1,15,,40,125,0,0,13,13,0,0,87
CT12,1,11,,45,100,0,0,18,18,0,0,115
CT13,0,10,,0,36,0,0,0,0,0,0,49
CT14,1,6,,36,71,0,0,17,17,0,0,35
CT15,0,15,,72,29,0,0,13,13,0,0,9
CT16,2,11,,72,59,0,0,27,27,0,0,0
CT17,0,12,,216,39,0,0,25,25,0,0,0
CT18,0,10,,0,43,0,0,0,0,0,0,0
CT19,3,4,,31,32,0,0,25,25,0,0,112
CT2,2,16,,0,69,20,0,6,6,0,0,0
CT20,0,13,,24,131,0,0,8,8,0,0,0
CT21,1,7,,27,66,0,0,14,14,0,0,0
CT3,1,7,,0,115,0,0,0,0,0,0,126
CT4,1,13,,205,178,0,0,62,62,0,0,44
CT5,3,10,,97,187,0,0,30,30,0,0,47
CT6,0,8,,104,220,0,0,25,25,27,0,0
CT7,0,9,,127,182,0,0,33,33,0,0,0
CT8,0,4,,0,45,0,0,0,0,0,0,40
CT9,0,4,,34,52,0,0,25,25,0,0,61
CV1,0,14,,0,62,0,0,0,0,6,0,46
CV10,2,15,,25,146,0,0,7,7,0,0,79
CV11,1,15,Yes,0,204,0,0,13,13,28,21,0
CV12,1,12,Yes,0,16,0,0,8,8,0,0,0
CV13,1,23,,113,433,0,0,17,17,0,0,10
CV2,1,10,,0,24,0,0,0,0,0,0,11
CV21,1,26,,0,113,0,0,0,0,0,0,156
CV22,2,13,,138,146,0,0,31,31,0,0,24
CV23,2,24,,74,139,0,0,13,13,0,0,0
CV3,2,12,,94,55,0,0,42,42,0,0,36
CV31,0,26,,125,227,0,0,12,12,0,0,228
CV32,2,14,,102,197,0,0,36,36,0,0,151
CV33,0,4,Yes,0,161,0,0,50,50,0,0,0
CV34,1,13,,91,152,0,27,15,15,0,0,54
CV35,0,15,,39,261,36,0,27,27,48,31,41
CV36,0,14,,50,162,0,0,21,21,0,0,124
CV37,0,5,,66,57,0,0,40,40,0,0,96
CV4,0,21,,18,189,0,0,10,10,0,0,123
CV47,1,12,,0,67,0,0,0,0,0,0,50
CV5,5,12,,126,61,0,0,42,42,0,0,12
CV6,3,13,,115,258,0,0,38,38,0,11,287
CV7,2,16,Yes,0,492,0,0,31,31,0,0,450
CV8,2,32,,49,197,0,0,3,3,0,0,308
CV9,2,13,,60,96,0,0,23,23,0,0,0
CW1,0,15,,45,0,0,0,27,27,0,0,17
CW10,0,16,,325,482,55,15,31,31,0,30,415
CW11,0,6,,188,155,0,0,50,50,52,4,136
CW12,0,11,,151,324,0,0,27,27,0,0,394
CW2,0,15,,119,344,53,5,27,27,21,27,259
CW3,0,16,,222,563,39,54,44,44,153,130,474
CW4,0,6,,26,118,0,0,17,17,23,0,102
CW5,1,5,,59,145,0,0,20,20,0,24,188
CW6,0,16,,274,527,0,0,38,38,9,9,419
CW7,0,9,,35,102,0,1,33,33,0,0,72
CW8,0,14,,0,137,6,0,21,21,0,0,155
CW9,2,23,,89,286,0,0,22,22,0,0,210
DA1,3,16,,28,175,26,0,19,19,0,17,197
DA10,0,21,,60,88,0,0,10,10,18,0,24
DA11,0,4,,0,0,0,0,0,0,0,0,0
DA12,1,17,,0,92,0,18,12,12,0,0,55
DA13,4,20,,36,252,0,0,10,10,0,0,24
DA14,1,7,,24,36,0,90,29,29,0,0,12
DA15,0,9,,0,0,0,0,0,0,0,0,0
DA16,1,13,,0,0,0,0,0,0,0,0,0
DA17,0,14,,0,0,0,0,0,0,0,0,0
DA18,0,8,,0,0,0,0,0,0,0,0,0
DA2,1,4,,0,0,0,0,0,0,0,0,0
DA3,0,12,,51,135,0,0,8,8,0,0,186
DA4,1,9,,0,149,0,18,11,11,0,0,126
DA5,2,3,,0,33,0,0,0,0,0,0,48
DA6,1,5,,0,0,0,0,0,0,0,0,0
DA7,1,6,,0,0,0,0,0,0,0,0,0
DA8,1,9,,0,0,0,0,0,0,0,0,0
DA9,0,11,,0,0,0,0,0,0,0,0,0
DE1,2,2,,0,0,0,0,0,0,0,0,0
DE11,5,7,,0,0,0,0,0,0,0,0,0
DE12,0,22,,48,248,0,54,32,32,0,0,0
DE13,0,14,,0,123,0,57,21,21,0,0,20
DE14,2,22,,671,416,41,77,59,59,27,106,437
DE15,1,11,,328,98,0,35,27,27,0,0,134
DE21,4,13,,153,100,0,16,15,15,0,0,30
DE22,4,23,,186,94,0,162,26,26,0,24,42
DE23,4,21,,283,321,0,251,29,29,0,65,382
DE24,0,28,,136,143,0,235,21,21,11,12,131
DE27,1,,,,,,,,,,,
DE3,0,25,,244,318,0,5,20,20,12,24,219
DE4,2,10,,108,415,0,0,20,20,24,0,108
DE45,1,28,,40,125,0,27,25,25,0,0,0
DE5,0,9,,54,72,0,29,33,33,0,0,0
DE55,1,11,,155,160,0,52,64,64,0,0,0
DE56,2,34,,285,352,0,274,44,44,0,0,0
DE6,1,19,,178,229,0,54,58,58,0,0,0
DE65,1,23,,16,132,0,19,22,22,0,0,29
DE7,10,14,,47,184,0,151,50,50,0,0,0
DE72,2,26,,478,310,33,165,62,62,50,0,0
DE73,1,10,,260,143,0,0,30,30,54,0,0
DE74,1,10,,135,20,0,0,10,10,20,0,0
DE75,0,6,,46,84,0,0,17,17,12,0,50
DG12,1,,,,,,,,,,,
DG2,1,,,,,,,,,,,
DH1,1,10,,76,36,0,0,40,40,0,0,0
DH2,1,26,,211,536,0,0,27,27,0,0,609
DH3,0,9,,110,147,0,0,44,44,0,0,228
DH4,0,13,,180,332,0,0,23,23,0,0,230
DH5,3,12,Yes,0,102,0,0,33,33,0,0,83
DH6,0,11,,22,175,0,5,36,36,0,0,119
DH7,0,14,,117,122,0,0,21,21,0,0,143
DH8,1,20,Yes,0,53,0,0,10,10,0,0,0
DH9,0,24,,93,265,0,0,17,17,0,0,279
DL1,1,21,,103,21,0,0,24,24,0,0,62
DL10,2,17,,0,274,0,29,6,6,14,1,245
DL11,0,11,,60,105,0,0,27,27,0,0,86
DL12,0,9,Yes,0,177,0,0,11,11,0,0,29
DL13,0,4,,0,0,0,0,0,0,0,0,0
DL14,1,14,,115,64,0,0,14,14,0,0,95
DL15,2,25,,68,241,0,0,8,8,0,0,63
DL16,1,13,,34,316,0,0,31,31,0,0,99
DL17,0,14,,15,238,0,0,14,14,0,0,58
DL2,0,10,,19,0,0,0,20,20,0,0,130
DL3,2,14,,43,170,0,99,21,21,0,0,155
DL4,0,19,,0,300,8,159,16,16,37,27,297
DL5,1,3,,26,0,0,0,33,33,0,0,120
DL6,0,16,,0,120,0,0,0,0,0,0,21
DL7,2,8,,18,54,0,0,13,13,4,0,39
DL8,1,13,,38,116,12,0,8,8,15,0,122
DL9,0,8,Yes,0,42,0,0,13,13,0,0,76
DN1,0,17,,19,36,0,0,12,12,0,0,76
DN10,1,4,,0,6,0,0,0,0,0,0,22
DN11,1,8,,99,138,0,12,38,38,0,0,164
DN12,0,13,,58,138,0,12,15,15,0,0,149
DN14,0,14,,0,26,0,0,0,0,0,0,17
DN15,0,27,,40,198,0,0,19,19,0,0,133
DN16,0,16,,156,175,0,36,25,25,0,18,238
DN17,0,17,,154,224,0,1,18,18,0,0,189
DN18,0,20,,68,254,0,2,20,20,0,0,339
DN19,0,3,Yes,0,122,0,0,33,33,0,0,0
DN2,0,6,,51,49,0,1,50,50,0,0,148
DN20,0,9,,0,37,0,0,0,0,0,0,27
DN21,0,10,,96,165,0,2,50,50,0,0,142
DN22,1,26,,15,182,0,56,12,12,0,0,313
DN3,2,21,,105,139,0,24,29,29,0,0,182
DN31,0,14,,0,32,0,0,0,0,0,0,57
DN32,1,3,,0,30,0,0,0,0,0,0,0
DN33,2,11,,54,217,0,0,36,36,0,0,0
DN34,5,8,,73,207,0,0,25,25,0,0,0
DN35,5,13,Yes,0,308,0,0,15,15,0,0,0
DN36,2,8,,10,118,0,0,25,25,0,0,0
DN37,0,10,Yes,0,144,0,0,20,20,0,0,0
DN38,0,13,,103,143,0,0,15,15,0,0,43
DN39,0,3,Yes,0,17,0,0,33,33,0,0,63
DN4,1,2,,0,100,0,0,0,0,0,0,0
DN40,0,21,,0,0,0,0,0,0,0,0,0
DN41,0,7,,30,108,0,0,43,43,0,0,6
DN5,3,4,,44,96,0,0,50,50,0,0,0
DN6,0,21,,0,85,0,0,0,0,0,0,96
DN7,1,14,,0,27,0,0,0,0,0,0,0
DN8,0,10,,0,26,0,0,0,0,0,0,33
DN9,0,6,,0,0,0,0,0,0,0,0,0
DT1,2,13,,112,109,0,2,31,31,0,0,179
DT10,0,8,,6,2,0,0,13,13,0,0,1
DT11,3,7,,0,51,0,0,0,0,11,9,41
DT2,0,21,,25,62,0,0,10,10,18,15,85
DT3,0,15,,7,0,4,0,7,7,0,3,18
DT4,1,9,,73,21,0,0,33,33,21,0,69
DT5,1,12,,7,0,0,0,8,8,0,0,24
DT6,0,2,,0,0,0,0,0,0,0,0,0
DT7,0,3,Yes,0,8,0,0,33,33,12,0,51
DT8,0,11,,0,69,0,0,0,0,0,0,81
DT9,1,5,,17,36,0,0,20,20,0,0,15
DY1,1,13,Yes,0,125,0,0,15,15,0,0,108
DY10,2,16,,12,18,0,0,6,6,24,15,20
DY11,1,14,,53,220,0,0,43,43,3,14,268
DY12,1,14,,62,195,0,0,21,21,0,0,138
DY13,0,6,,52,158,0,0,33,33,0,0,47
DY14,0,9,,119,132,0,0,56,56,0,0,142
DY2,0,6,,13,58,0,0,67,67,0,77,76
DY3,5,12,Yes,0,402,0,0,8,8,0,0,217
DY4,1,12,,0,33,0,0,0,0,0,0,0
DY5,3,13,Yes,0,221,0,0,23,23,0,0,390
DY6,3,19,,37,150,0,0,26,26,0,0,97
DY7,2,13,,21,359,0,0,31,31,30,0,472
DY8,9,4,,0,0,0,0,0,0,0,0,0
DY9,3,19,,1,431,0,36,16,16,12,13,575
E1,0,11,,124,155,0,0,27,27,0,0,156
E10,1,41,,0,0,0,0,0,0,0,0,0
E11,2,13,,0,0,0,0,0,0,0,0,0
E12,1,12,,0,0,0,0,0,0,0,0,0
E13,1,12,,0,0,0,0,0,0,0,0,0
E14,4,16,,0,0,0,0,0,0,0,0,0
E15,3,30,,0,0,0,0,0,0,0,0,0
E16,0,20,,0,0,0,0,0,0,0,0,0
E17,10,19,,0,0,0,0,0,0,0,0,0
E18,0,39,,0,0,0,0,0,0,0,0,0
E1W,1,7,,0,0,0,0,0,0,0,0,0
E2,3,4,,0,0,0,0,0,0,0,0,0
E20,0,26,,0,0,0,0,0,0,0,0,0
E3,5,2,,0,0,0,0,0,0,0,0,0
E4,6,21,,0,0,0,0,0,0,0,0,0
E5,6,21,,0,0,0,0,0,0,0,0,0
E6,2,22,,0,0,0,0,0,0,0,0,0
E7,2,23,,0,0,0,0,0,0,0,0,0
E8,2,21,,0,0,0,0,0,0,0,0,0
E9,1,12,,0,0,0,0,0,0,0,0,0
EC1M,0,15,,0,0,0,0,0,0,0,0,0
EC1N,0,2,,0,0,0,0,0,0,0,0,0
EC1R,1,1,,0,0,0,0,0,0,0,0,0
EC1V,2,3,,0,0,0,0,0,0,0,0,0
EC1Y,0,4,,0,0,0,0,0,0,0,0,0
EC2A,0,1,,0,0,0,0,0,0,0,0,0
EC2Y,0,2,,0,0,0,0,0,0,0,0,0
EC3A,0,1,,0,0,0,0,0,0,0,0,0
EC3N,0,1,,0,0,0,0,0,0,0,0,0
EC4M,0,1,,0,0,0,0,0,0,0,0,0
EC4V,0,1,,0,0,0,0,0,0,0,0,0
EN1,1,1,,0,0,0,0,0,0,0,0,0
EN10,0,17,,0,0,0,0,0,0,0,0,0
EN11,0,12,Yes,0,180,0,0,17,17,0,0,146
EN2,1,4,,28,59,0,0,75,75,0,0,29
EN3,0,9,,0,0,0,0,0,0,0,0,0
EN4,1,25,,0,0,0,0,0,0,0,0,0
EN5,1,14,,0,0,0,0,0,0,0,0,0
EN6,1,12,,0,0,0,0,0,0,0,0,0
EN7,0,18,,58,86,0,0,17,17,0,0,73
EN8,0,9,,24,56,0,0,11,11,0,0,52
EN9,0,16,,0,62,0,0,0,0,0,0,141
EX1,0,6,,132,67,24,0,50,50,0,0,12
EX10,1,6,Yes,0,80,0,0,67,67,44,33,147
EX11,0,13,,124,191,0,0,46,46,0,0,179
EX12,0,3,,85,75,0,0,100,100,9,8,147
EX13,0,3,,41,39,0,0,100,100,0,0,80
EX14,1,10,,22,141,0,0,60,60,0,0,84
EX15,1,10,,105,226,0,7,90,90,30,0,187
EX16,2,12,,132,175,0,0,58,58,0,17,237
EX17,1,20,,85,447,24,0,75,75,17,0,288
EX18,0,12,,101,281,0,0,58,58,0,0,203
EX19,0,4,Yes,0,0,0,0,50,50,0,0,22
EX2,1,2,,0,48,0,0,0,0,0,0,32
EX20,3,21,,102,173,39,1,43,43,48,100,272
EX21,0,13,,197,45,0,1,54,54,0,0,12
EX22,0,6,,23,32,0,0,100,100,0,0,45
EX23,0,8,,39,30,0,10,75,75,0,0,0
EX24,0,3,Yes,0,0,0,0,33,33,18,0,12
EX3,2,2,Yes,0,71,0,0,100,100,0,0,145
EX31,2,9,,102,103,0,0,56,56,0,0,0
EX32,1,15,,43,81,110,0,40,40,52,42,90
EX33,1,16,,40,207,0,0,19,19,0,0,118
EX34,0,5,,14,95,0,0,80,80,55,0,138
EX35,0,1,Yes,0,0,0,0,100,100,0,0,0
EX36,0,7,,24,51,0,0,29,29,0,0,59
EX37,0,6,,85,110,0,0,50,50,23,0,57
EX38,0,4,,17,0,0,0,100,100,0,0,14
EX39,0,4,,30,31,6,0,50,50,28,58,59
EX4,1,16,,159,282,0,2,63,63,18,0,305
EX5,3,18,,131,327,26,100,28,28,0,0,163
EX6,2,15,,133,320,0,3,73,73,0,4,294
EX7,1,6,Yes,0,94,0,0,67,67,0,0,62
EX8,1,11,,63,68,0,0,64,64,0,0,112
EX9,1,12,,84,409,0,0,58,58,0,7,384
FY1,1,4,,42,0,0,0,50,50,0,0,42
FY2,0,6,,59,70,0,0,83,83,0,0,57
FY3,1,8,,21,96,0,32,75,75,0,0,88
FY4,2,13,,106,221,0,70,46,46,0,6,249
FY5,4,16,,126,242,0,78,56,56,14,0,175
FY6,0,13,,88,228,0,0,38,38,9,0,283
FY7,0,16,,82,111,0,0,13,13,0,0,258
FY8,2,15,Yes,0,504,0,0,27,27,20,0,347
G64,1,,,,,,,,,,,
GL1,2,10,,0,173,0,0,0,0,0,0,118
GL10,1,17,,67,225,0,0,29,29,45,37,180
GL11,2,11,,42,93,0,0,64,64,0,0,156
GL12,4,10,,66,117,0,0,60,60,0,11,112
GL13,0,9,,61,156,0,0,67,67,0,0,138
GL14,1,5,,12,38,0,0,40,40,0,0,25
GL15,1,8,,39,46,0,0,38,38,0,0,41
GL16,0,13,,69,103,0,0,46,46,0,0,146
GL17,1,9,,25,103,0,0,33,33,0,0,99
GL18,2,7,,34,80,0,0,71,71,0,0,70
GL19,0,5,,26,52,0,0,60,60,0,0,0
GL2,3,10,,39,92,0,0,60,60,0,0,111
GL20,0,26,,286,424,31,0,54,54,35,106,381
GL3,1,19,,55,162,0,0,42,42,11,37,138
GL4,1,16,,24,159,18,0,38,38,38,21,249
GL5,1,21,,176,291,0,0,43,43,64,15,290
GL50,1,19,,60,192,0,0,47,47,0,0,181
GL51,1,7,,0,26,0,0,0,0,0,0,75
GL52,1,22,,111,114,0,0,14,14,42,73,192
GL53,3,17,,123,259,6,0,47,47,9,0,238
GL54,1,9,,146,168,28,0,56,56,53,55,188
GL55,0,16,,109,121,0,0,69,69,16,36,108
GL56,0,4,,15,84,0,0,50,50,0,0,57
GL6,6,4,,41,90,0,0,50,50,0,0,47
GL7,0,18,,99,154,0,0,39,39,0,0,198
GL72,1,,,,,,,,,,,
GL8,0,27,,168,251,0,0,70,70,43,55,272
GL9,0,5,,27,102,0,0,40,40,0,0,93
GU1,0,2,,9,59,0,0,100,100,0,0,0
GU10,2,16,,71,179,0,0,19,19,0,0,178
GU11,1,12,,32,74,0,0,8,8,0,0,86
GU12,0,10,,81,273,0,0,40,40,0,0,212
GU14,3,7,,133,125,0,0,71,71,0,18,93
GU15,1,12,Yes,0,41,0,0,8,8,0,0,52
GU16,2,28,,57,514,0,0,14,14,0,0,273
GU17,0,4,Yes,0,88,0,0,25,25,0,0,74
GU18,0,2,Yes,0,48,0,0,50,50,0,0,43
GU19,0,10,,42,160,0,0,30,30,0,0,247
GU2,2,3,,0,107,0,0,0,0,0,0,110
GU20,0,12,,70,178,0,0,17,17,0,0,184
GU21,4,2,,0,0,0,0,0,0,0,0,0
GU22,6,19,,60,363,0,0,32,32,0,0,339
GU23,0,13,,60,230,0,0,23,23,0,0,522
GU24,4,2,,0,74,0,0,0,0,0,0,44
GU25,0,3,Yes,0,68,0,0,33,33,0,0,0
GU26,1,10,,79,150,0,0,50,50,0,0,89
GU27,1,6,,20,90,0,0,17,17,0,0,108
GU28,0,9,,52,170,0,0,33,33,0,0,237
GU29,0,5,,9,0,0,0,20,20,0,0,0
GU30,0,4,,0,0,0,0,0,0,0,0,0
GU31,0,5,,90,85,0,0,20,20,0,24,86
GU32,0,6,,17,70,0,0,33,33,0,1,45
GU33,0,9,,29,107,0,0,22,22,0,0,102
GU34,0,5,,92,99,0,0,40,40,0,0,95
GU35,2,19,,113,199,0,0,42,42,32,33,315
GU4,3,6,Yes,0,116,0,0,17,17,0,0,108
GU46,0,8,,29,51,0,0,13,13,4,0,68
GU47,2,8,,155,171,0,0,50,50,0,0,144
GU5,0,11,Yes,0,175,0,0,9,9,0,0,123
GU51,0,7,,6,117,0,0,14,14,0,0,117
GU52,0,9,Yes,0,259,0,0,22,22,0,0,332
GU6,1,4,,0,126,0,0,0,0,0,0,89
GU7,1,9,,49,109,0,0,11,11,0,0,108
GU8,1,15,,123,264,0,0,20,20,0,0,280
GU9,2,15,Yes,0,93,0,0,20,20,0,0,239
HA0,0,11,,12,169,0,0,18,18,0,0,319
HA1,1,10,,0,0,0,0,0,0,0,0,0
HA2,0,14,,0,0,0,0,0,0,0,0,0
HA3,2,16,,0,0,0,0,0,0,0,0,0
HA4,4,26,,0,0,0,0,0,0,0,0,0
HA5,1,18,,0,0,0,0,0,0,0,0,0
HA6,1,14,Yes,0,33,0,0,7,7,0,0,28
HA7,0,16,,0,0,0,0,0,0,0,0,0
HA8,0,8,,0,0,0,0,0,0,0,0,0
HA9,0,24,,0,0,0,0,0,0,0,0,0
HD1,1,17,,0,0,0,0,0,0,0,0,0
HD2,0,7,,112,164,0,71,43,43,0,0,0
HD3,1,9,,88,182,8,87,33,33,42,0,0
HD4,1,8,,183,112,0,0,38,38,9,0,0
HD5,3,14,,274,195,45,32,79,79,40,0,0
HD6,1,15,Yes,0,249,0,0,27,27,0,0,206
HD7,2,12,,296,430,10,0,83,83,0,0,0
HD8,6,13,,146,198,0,36,54,54,12,0,0
HD9,6,19,,381,356,24,158,89,89,0,0,0
HG1,2,17,,232,126,67,54,41,41,9,0,0
HG2,2,13,Yes,0,111,0,0,23,23,0,0,136
HG3,1,13,,56,111,0,0,15,15,0,0,214
HG4,1,19,Yes,0,87,0,0,5,5,0,0,65
HG5,0,25,,15,16,0,0,8,8,0,0,46
HP1,2,9,,52,28,0,0,22,22,0,8,43
HP10,0,7,Yes,0,24,0,0,29,29,0,0,106
HP11,1,18,,26,256,0,0,17,17,0,0,220
HP12,1,11,,47,0,24,0,27,27,0,9,31
HP13,0,9,,46,43,0,0,22,22,0,0,48
HP14,2,13,,12,55,0,0,15,15,0,0,44
HP15,1,10,,30,78,0,0,40,40,0,0,167
HP16,0,11,,128,157,0,52,55,55,0,0,230
HP17,1,7,,74,90,0,0,43,43,0,0,72
HP18,0,6,,0,39,0,30,33,33,0,0,0
HP19,3,12,,30,111,0,0,42,42,0,0,47
HP2,1,8,,0,28,0,0,0,0,0,0,0
HP20,0,18,,52,35,0,0,11,11,0,0,74
HP21,0,5,,0,22,0,0,0,0,0,0,40
HP22,3,17,,84,96,0,0,24,24,0,20,92
HP23,2,13,,120,117,0,0,46,46,0,9,233
HP27,1,7,Yes,0,7,0,0,14,14,0,0,29
HP3,1,10,,59,73,0,0,30,30,0,0,98
HP4,2,14,,0,160,0,0,0,0,0,0,144
HP5,0,15,,75,274,10,0,27,27,12,13,67
HP6,0,13,,24,98,0,0,23,23,0,2,119
HP7,0,8,Yes,0,29,0,0,13,13,0,0,0
HP8,1,2,Yes,0,23,0,0,50,50,0,0,24
HP9,1,12,,52,104,0,0,33,33,0,0,102
HR1,2,10,,72,148,0,0,50,50,0,0,180
HR2,0,23,,0,185,0,0,0,0,0,11,215
HR3,0,20,,0,116,0,0,0,0,0,12,210
HR4,1,3,,0,0,0,0,0,0,0,0,25
HR5,0,14,,0,241,0,0,0,0,0,0,368
HR6,2,2,,0,0,0,0,0,0,0,0,0
HR7,0,14,,0,103,0,0,0,0,0,0,181
HR8,0,5,,0,25,0,0,0,0,0,0,31
HR9,1,9,,0,57,0,0,0,0,0,0,92
HU1,0,13,,0,57,0,0,0,0,0,0,138
HU10,4,6,Yes,0,172,0,0,50,50,0,0,156
HU11,0,2,,0,0,0,0,0,0,0,0,0
HU12,2,13,Yes,0,79,0,0,8,8,0,0,126
HU13,2,6,,0,23,0,0,0,0,0,0,22
HU14,0,3,Yes,0,52,0,0,67,67,0,0,62
HU15,3,9,Yes,0,203,0,0,11,11,0,0,161
HU16,1,5,Yes,0,124,0,0,20,20,3,0,57
HU17,2,18,Yes,0,233,0,0,33,33,0,10,288
HU18,0,4,Yes,0,12,0,0,50,50,0,0,20
HU19,0,3,Yes,0,0,0,0,33,33,0,0,43
HU2,0,4,,0,24,0,0,0,0,0,0,11
HU20,0,4,,26,0,0,0,25,25,0,0,0
HU3,0,1,,0,11,0,0,0,0,0,0,0
HU4,0,12,,98,368,0,44,42,42,0,0,99
HU5,2,10,,300,181,20,130,70,70,74,0,127
HU6,0,13,,282,572,0,12,31,31,0,0,243
HU7,1,16,,39,346,20,0,25,25,69,94,111
HU8,0,19,,371,792,0,10,37,37,0,0,178
HU9,0,12,,349,402,0,75,33,33,0,0,269
HX1,1,10,Yes,0,298,0,0,10,10,0,0,187
HX2,0,20,Yes,0,447,0,0,35,35,0,0,260
HX3,2,22,Yes,0,384,0,0,45,45,0,0,372
HX4,1,5,Yes,0,169,0,0,40,40,0,0,40
HX5,0,6,Yes,0,43,0,0,33,33,0,0,42
HX6,0,15,Yes,0,119,0,0,33,33,0,0,135
HX7,0,11,Yes,0,235,0,0,55,55,0,0,241
IG1,0,18,,108,271,0,112,22,22,0,5,59
IG10,1,17,,0,0,0,0,0,0,0,0,0
IG11,3,14,,180,60,24,35,50,50,6,0,0
IG2,1,20,,0,0,0,0,0,0,0,0,0
IG3,1,7,,0,0,0,0,0,0,0,0,0
IG4,0,11,,0,0,0,0,0,0,0,0,0
IG5,1,4,,0,0,0,0,0,0,0,0,0
IG6,0,5,,0,0,0,0,0,0,0,0,0
IG7,1,10,Yes,0,60,0,0,20,20,30,0,0
IG8,0,12,,0,0,0,0,0,0,0,0,0
IG9,1,17,,0,0,0,0,0,0,0,0,0
IP1,1,18,Yes,0,68,0,0,6,6,0,0,10
IP10,0,5,,95,12,6,0,60,60,0,0,0
IP11,0,3,,0,0,0,0,0,0,0,0,22
IP12,1,11,,24,107,0,0,9,9,0,0,127
IP13,2,14,,30,235,0,0,57,57,48,0,132
IP14,1,13,,12,86,0,0,38,38,0,0,45
IP15,0,22,,21,77,0,0,14,14,0,0,34
IP16,0,1,,0,0,0,0,0,0,0,0,0
IP17,1,8,Yes,0,25,0,0,13,13,0,0,19
IP18,0,3,,0,0,0,0,0,0,0,0,18
IP19,0,3,,0,0,0,0,0,0,0,0,0
IP2,0,12,Yes,0,59,0,0,17,17,0,0,46
IP20,0,5,,12,31,0,0,20,20,0,0,0
IP21,1,8,Yes,0,51,0,0,38,38,0,0,0
IP22,4,4,,30,5,0,0,50,50,0,0,0
IP23,0,6,Yes,0,9,0,0,17,17,0,0,8
IP24,2,14,,29,60,0,12,21,21,0,0,45
IP25,0,8,Yes,0,0,0,0,13,13,0,0,0
IP26,0,15,,0,22,0,0,0,0,0,0,0
IP27,0,6,,0,0,0,0,0,0,0,0,0
IP28,1,5,,84,53,0,0,40,40,0,0,0
IP29,0,11,,144,68,0,0,36,36,0,0,8
IP3,0,4,,59,0,0,0,75,75,0,0,50
IP30,1,11,,0,24,0,0,0,0,0,0,0
IP31,2,6,,19,32,0,0,17,17,0,0,35
IP32,1,11,,43,129,0,0,45,45,0,0,24
IP33,3,10,,53,0,0,0,20,20,0,0,53
IP4,1,12,,21,44,0,0,50,50,2,0,99
IP5,2,5,Yes,0,220,0,0,20,20,0,0,224
IP6,1,14,,73,160,15,0,29,29,24,0,129
IP7,2,7,,0,20,0,0,0,0,0,0,21
IP8,0,12,,61,70,0,0,50,50,0,0,58
IP9,0,8,,12,65,0,0,13,13,0,0,0
KT1,2,10,,49,36,0,0,30,30,0,0,79
KT10,0,10,Yes,0,161,0,0,40,40,0,0,504
KT11,1,10,Yes,0,0,0,0,10,10,0,0,0
KT12,2,6,,0,0,0,0,0,0,0,0,0
KT13,0,11,,102,404,0,0,45,45,0,0,245
KT14,0,7,,113,179,0,0,57,57,0,0,183
KT15,0,5,,44,136,0,0,60,60,0,0,138
KT16,1,12,,41,288,0,0,25,25,0,0,189
KT17,0,11,,38,62,0,0,27,27,0,0,0
KT18,3,8,Yes,0,148,0,0,25,25,0,0,182
KT19,2,10,,154,178,0,0,40,40,0,0,178
KT2,1,11,,156,337,0,0,45,45,0,0,252
KT20,1,10,Yes,0,147,0,0,10,10,0,0,277
KT21,2,19,,0,0,0,0,0,0,0,0,0
KT22,1,6,,110,253,0,0,33,33,0,0,357
KT23,0,14,,80,278,0,0,21,21,0,0,364
KT24,0,5,,107,282,0,0,60,60,0,0,20
KT3,4,5,,91,84,0,0,40,40,0,0,113
KT4,0,14,,0,0,0,0,0,0,0,0,0
KT5,3,8,,21,15,0,0,13,13,0,0,0
KT6,1,4,,0,0,0,0,0,0,0,0,0
KT7,1,14,,0,0,0,0,0,0,0,0,0
KT8,2,6,,106,381,0,0,50,50,0,0,181
KT9,1,7,,78,251,0,0,29,29,0,0,177
L1,0,7,,0,0,0,0,0,0,0,0,0
L10,1,5,,0,0,0,0,0,0,0,0,0
L11,0,5,,0,116,0,0,0,0,0,0,0
L12,1,11,,30,151,0,0,18,18,0,0,0
L13,1,14,,125,210,43,0,36,36,11,0,0
L14,0,13,,39,135,0,0,23,23,36,0,0
L15,1,9,,7,33,0,0,11,11,0,0,0
L16,0,14,,32,174,0,0,14,14,45,0,0
L17,3,4,,55,54,0,0,25,25,0,0,0
L18,0,9,,0,128,0,0,0,0,0,0,0
L19,0,9,,0,276,0,0,0,0,46,0,0
L20,1,9,,0,123,0,0,0,0,0,0,0
L21,0,12,,45,124,0,0,8,8,0,0,0
L22,0,11,,28,87,0,0,18,18,0,0,0
L23,2,3,,0,70,0,0,0,0,0,0,0
L24,0,20,,22,208,22,0,5,5,60,0,0
L25,3,5,,0,60,0,0,0,0,0,0,17
L26,0,7,Yes,0,72,0,0,14,14,0,0,0
L27,0,14,,119,202,0,0,21,21,0,0,0
L28,0,3,,0,22,0,0,0,0,0,0,0
L3,1,4,,0,0,0,0,0,0,0,0,0
L30,0,3,,0,9,0,0,0,0,0,0,0
L31,0,9,,44,93,0,0,22,22,19,0,0
L32,1,15,,57,205,0,0,13,13,0,0,0
L33,0,9,,0,79,0,0,0,0,0,0,0
L34,0,6,,0,28,0,0,0,0,0,0,0
L35,1,7,,52,101,0,0,43,43,0,0,0
L36,0,13,,28,144,0,0,15,15,24,0,0
L37,3,17,,63,120,0,0,12,12,158,0,0
L39,2,9,,169,212,0,0,33,33,66,0,0
L4,1,16,,173,220,0,0,31,31,0,0,36
L40,0,13,,5,216,0,0,8,8,53,0,0
L5,0,18,,117,192,0,0,28,28,0,0,0
L6,1,7,Yes,0,17,0,0,14,14,0,0,0
L7,0,9,,12,166,0,0,11,11,0,0,0
L8,0,1,,0,0,0,0,0,0,0,0,0
L9,1,10,,0,93,0,0,0,0,16,0,0
LA1,2,15,,30,107,0,0,13,13,45,0,0
LA10,0,12,,0,145,0,0,0,0,0,0,0
LA11,0,23,,222,514,30,60,26,26,41,60,530
LA12,1,4,,22,34,0,0,25,25,0,0,21
LA13,0,10,,62,68,0,0,40,40,23,28,99
LA14,0,12,,97,249,0,0,42,42,0,49,184
LA15,0,12,,18,268,0,0,25,25,0,0,202
LA16,0,21,,203,328,0,0,43,43,0,0,339
LA17,0,5,,9,91,0,0,20,20,47,17,93
LA18,0,2,,0,29,0,0,0,0,0,0,30
LA19,0,1,,12,14,0,0,100,100,0,0,0
LA2,0,7,,18,118,0,0,29,29,0,0,123
LA20,0,2,,0,20,0,0,0,0,0,0,22
LA21,0,20,,62,368,8,0,30,30,39,0,324
LA22,1,1,,25,26,0,0,100,100,0,0,18
LA23,1,2,,0,21,0,0,0,0,0,0,19
LA3,0,4,,9,38,0,0,50,50,0,0,50
LA4,0,5,,77,38,0,0,40,40,0,0,75
LA5,1,10,,60,316,0,0,30,30,30,9,393
LA6,1,8,,292,490,0,0,38,38,0,0,454
LA7,0,11,,170,276,0,0,55,55,14,0,299
LA8,0,13,,31,170,0,0,31,31,0,0,213
LA9,2,5,,50,82,0,0,20,20,0,0,60
LE1,1,8,,36,66,0,0,63,63,0,0,90
LE10,4,20,Yes,0,116,0,0,5,5,32,34,108
LE11,1,16,,76,501,0,0,31,31,12,13,382
LE12,6,3,,0,0,0,0,0,0,0,0,0
LE13,0,27,,48,79,0,0,11,11,0,6,163
LE14,1,31,,133,386,0,0,13,13,0,0,251
LE15,5,10,,22,42,0,0,10,10,0,0,84
LE16,4,14,,0,11,0,0,0,0,0,0,11
LE17,0,25,,149,233,17,0,44,44,69,74,255
LE18,1,18,,154,238,35,0,44,44,0,0,154
LE19,0,13,,36,0,0,0,15,15,10,0,0
LE2,5,15,,22,94,0,0,7,7,0,0,105
LE3,4,6,,65,83,0,0,33,33,0,0,127
LE4,5,39,,158,461,0,0,10,10,0,0,404
LE5,0,33,,286,594,0,0,12,12,3,0,617
LE6,1,36,,155,689,0,0,25,25,0,0,730
LE65,0,42,,79,588,0,0,5,5,0,0,513
LE67,3,6,,25,30,0,0,17,17,0,0,141
LE7,4,9,,11,22,0,0,11,11,0,0,68
LE8,3,30,,7,120,0,0,7,7,0,24,276
LE9,2,22,,61,67,0,0,14,14,0,0,159
LN1,2,14,,0,71,0,0,0,0,0,8,147
LN10,0,26,,21,125,0,0,4,4,0,0,136
LN11,0,13,,101,111,0,0,31,31,0,0,177
LN12,0,4,,20,73,0,0,25,25,0,0,65
LN13,0,18,,0,150,0,0,0,0,0,0,191
LN2,4,4,,0,0,0,0,0,0,0,0,21
LN3,0,6,,0,28,0,0,0,0,0,0,57
LN4,3,19,,154,186,0,38,21,21,0,0,295
LN5,3,5,,35,30,0,0,40,40,0,0,48
LN6,1,20,,127,344,0,0,30,30,11,0,141
LN7,0,17,,97,74,0,24,35,35,9,9,275
LN8,2,33,,211,500,0,0,27,27,34,0,531
LN9,2,5,,35,71,0,0,20,20,0,0,56
LS10,0,10,,40,167,0,0,30,30,0,0,11
LS11,0,6,,9,65,0,0,17,17,0,0,12
LS12,0,18,,377,224,0,103,44,44,0,12,266
LS13,1,16,,26,334,0,75,19,19,0,0,247
LS14,1,15,,54,155,0,97,20,20,0,0,145
LS15,0,12,,53,136,0,0,17,17,0,2,105
LS16,5,14,,103,142,0,56,21,21,0,0,223
LS17,2,13,,90,195,0,72,23,23,0,124,310
LS18,3,16,,275,442,0,74,44,44,7,13,364
LS19,0,22,,405,805,110,21,36,36,21,25,451
LS2,0,9,,92,207,0,1,22,22,26,30,239
LS20,0,8,,87,209,0,0,25,25,94,48,229
LS21,2,1,,60,65,0,9,100,100,10,8,60
LS22,0,5,,45,96,0,0,20,20,0,0,175
LS23,2,8,,114,168,0,5,50,50,0,51,158
LS24,3,8,Yes,0,13,0,0,13,13,0,0,0
LS25,1,7,,56,85,0,0,29,29,0,0,153
LS26,1,8,,52,111,0,0,25,25,19,0,96
LS27,0,17,,151,273,0,30,47,47,132,57,243
LS28,2,11,,122,192,0,49,36,36,0,16,225
LS29,1,12,,168,340,0,53,33,33,0,19,386
LS3,0,18,,177,395,0,138,28,28,0,10,387
LS4,2,13,,30,160,0,0,23,23,40,42,76
LS5,1,1,,0,47,0,0,0,0,0,0,30
LS6,6,4,,57,82,0,13,50,50,0,0,83
LS7,4,2,,0,0,0,0,0,0,0,0,61
LS8,7,9,,61,94,0,1,22,22,0,0,123
LS9,0,10,,73,153,0,72,20,20,0,0,191
LU1,0,12,,36,521,0,160,25,25,162,98,430
LU2,2,17,,0,364,0,210,18,18,0,0,328
LU3,2,24,,84,120,0,0,8,8,0,0,229
LU4,1,19,,75,145,0,0,21,21,12,0,273
LU5,0,23,,108,85,0,116,13,13,0,0,66
LU6,1,21,,77,231,0,0,14,14,0,0,58
LU7,8,22,,84,325,0,0,27,27,2,0,410
M11,1,15,,92,258,0,0,40,40,0,0,400
M12,0,26,,586,1027,35,90,62,62,133,0,26
M13,0,13,,44,236,0,0,54,54,40,0,218
M14,3,12,,52,111,0,0,25,25,0,0,194
M15,1,10,,58,177,0,0,20,20,9,53,122
M16,2,12,,75,351,0,0,67,67,39,0,267
M18,0,8,,285,119,0,0,13,13,0,0,12
M19,4,16,,166,283,0,55,31,31,138,0,102
M2,0,10,,0,35,0,0,0,0,122,0,187
M20,4,11,,27,263,0,0,18,18,0,0,146
M21,4,1,,0,0,0,0,0,0,0,0,0
M22,0,14,Yes,0,222,0,0,21,21,21,0,123
M23,1,18,,89,309,0,0,28,28,78,680,340
M24,0,14,,63,246,0,0,21,21,0,28,203
M25,1,15,Yes,0,205,0,0,13,13,0,0,202
M26,1,13,,81,249,0,30,31,31,15,85,206
M27,0,21,,48,324,30,0,14,14,24,0,115
M28,1,13,,108,105,0,0,31,31,0,0,244
M29,0,18,,34,259,0,0,22,22,0,0,216
M3,0,17,,54,287,0,118,35,35,0,0,238
M30,0,9,,60,104,0,0,33,33,0,0,48
M31,1,3,,0,0,0,0,0,0,0,0,0
M32,1,21,,112,154,0,0,19,19,0,0,181
M33,1,5,,0,76,0,0,0,0,0,0,43
M34,1,13,,56,101,0,0,8,8,0,0,143
M35,0,24,,22,528,0,0,4,4,0,0,620
M38,0,6,Yes,0,109,0,0,33,33,0,0,44
M4,0,4,Yes,0,17,0,0,25,25,0,0,0
M40,1,19,,229,266,0,0,32,32,0,0,204
M41,2,11,,150,160,0,64,27,27,8,6,331
M43,1,21,,61,274,0,0,10,10,216,321,237
M44,0,20,,0,148,0,0,0,0,0,0,351
M45,0,9,,0,81,0,0,0,0,0,0,122
M46,0,9,,64,60,0,0,22,22,0,0,179
M5,0,10,,73,181,0,45,20,20,0,0,233
M50,1,11,,28,114,0,0,9,9,0,0,180
M6,2,6,,0,26,0,0,0,0,0,0,12
M7,0,2,,0,0,0,0,0,0,0,0,0
M8,0,13,,0,14,0,0,0,0,0,0,10
M9,1,34,,0,40,0,0,0,0,0,0,101
ME1,1,15,,62,304,0,186,20,20,60,0,158
ME10,1,19,,65,366,0,37,32,32,14,0,286
ME11,0,18,,31,53,0,0,6,6,0,0,70
ME12,0,21,,44,87,0,186,29,29,0,0,32
ME13,2,1,,0,0,0,0,0,0,0,0,0
ME14,1,11,,0,166,0,0,0,0,0,0,85
ME15,4,18,Yes,0,145,0,0,6,6,4,0,0
ME16,2,15,,229,244,0,0,53,53,0,0,38
ME17,1,12,,149,182,0,88,42,42,16,0,0
ME18,1,17,,15,106,0,0,6,6,30,0,16
ME19,0,15,,84,85,0,0,27,27,24,0,11
ME2,1,4,,24,81,0,0,25,25,0,0,8
ME20,1,13,,0,242,0,0,0,0,0,0,210
ME3,1,19,,49,125,0,0,21,21,0,0,129
ME4,0,9,,58,127,0,0,22,22,0,10,141
ME5,1,12,,36,138,0,60,50,50,0,0,113
ME6,1,16,,16,78,0,0,6,6,0,0,70
ME7,1,18,,64,139,0,0,33,33,0,0,115
ME8,1,4,,50,32,0,0,50,50,0,0,34
ME9,1,17,,20,127,0,0,24,24,0,0,130
MK10,0,18,,82,152,0,0,28,28,0,0,146
MK11,0,16,,166,182,0,0,50,50,0,0,85
MK12,0,7,,156,245,0,3,43,43,0,12,230
MK13,1,3,,0,37,0,0,0,0,0,0,36
MK14,0,12,Yes,0,80,0,0,8,8,0,0,79
MK15,2,7,,0,43,0,0,0,0,0,17,225
MK16,1,7,,0,51,0,0,0,0,0,0,64
MK17,0,1,,0,0,0,0,0,0,0,0,0
MK18,0,8,,60,133,0,4,13,13,5,7,121
MK19,0,8,Yes,0,44,0,0,38,38,0,0,104
MK2,1,16,,92,208,25,10,25,25,27,0,176
MK3,1,21,,41,141,0,0,29,29,12,0,408
MK4,0,7,,24,0,0,0,14,14,0,0,23
MK40,2,14,,37,183,0,0,14,14,4,6,136
MK41,3,6,,0,214,0,0,0,0,11,0,86
MK42,1,13,,115,51,0,0,38,38,0,0,141
MK43,2,18,,65,417,0,0,39,39,56,29,373
MK44,2,25,,91,239,0,0,40,40,11,17,198
MK45,1,20,,61,200,0,5,30,30,12,12,229
MK46,0,14,,162,64,0,15,64,64,0,0,135
MK5,0,23,,169,333,0,35,52,52,0,0,0
MK6,1,15,Yes,0,50,0,0,7,7,0,0,63
MK7,1,3,,0,31,0,0,0,0,0,0,35
MK8,0,8,,30,133,0,2,13,13,3,0,139
MK9,0,6,,0,47,0,0,0,0,0,0,41
N1,4,8,,39,44,0,0,38,38,0,8,41
N10,0,1,,0,0,0,0,0,0,0,0,0
N11,1,38,,0,0,0,0,0,0,0,0,0
N12,1,13,,0,0,0,0,0,0,0,0,0
N13,2,14,,0,0,0,0,0,0,0,0,0
N14,0,13,,0,0,0,0,0,0,0,0,0
N15,6,7,,0,0,0,0,0,0,0,0,0
N16,15,17,,0,0,0,0,0,0,0,0,0
N17,2,18,,0,0,0,0,0,0,0,0,0
N18,0,42,,0,0,0,0,0,0,0,0,0
N19,1,27,,0,0,0,0,0,0,0,0,0
N1C,0,7,,0,0,0,0,0,0,0,0,0
N2,0,10,,0,0,0,0,0,0,0,0,0
N20,0,3,,0,0,0,0,0,0,0,0,0
N21,0,8,,0,0,0,0,0,0,0,0,0
N22,0,10,,0,0,0,0,0,0,0,0,0
N3,1,9,,0,0,0,0,0,0,0,0,0
N4,6,17,,0,0,0,0,0,0,0,0,0
N5,0,11,,0,0,0,0,0,0,0,0,0
N6,2,13,,0,0,0,0,0,0,0,0,0
N7,0,9,,0,0,0,0,0,0,0,0,0
N8,3,8,,0,0,0,0,0,0,0,0,0
N9,3,14,,0,0,0,0,0,0,0,0,0
NE1,2,16,,0,0,0,0,0,0,0,0,0
NE10,1,18,,0,0,0,0,0,0,0,0,0
NE11,1,1,,0,0,0,0,0,0,0,0,0
NE12,3,18,,126,543,0,0,44,44,0,0,505
NE13,1,6,Yes,0,128,0,0,33,33,0,0,87
NE15,2,6,,0,82,0,0,0,0,28,0,130
NE16,3,16,,124,201,0,0,25,25,0,0,270
NE17,0,18,,0,308,0,20,28,28,0,0,184
NE18,0,1,Yes,0,13,0,0,100,100,0,0,4
NE19,0,11,,162,398,0,0,45,45,0,10,310
NE2,1,8,Yes,0,131,0,0,25,25,0,0,117
NE20,0,1,,0,0,0,0,0,0,0,0,0
NE21,0,6,Yes,0,84,0,0,33,33,0,0,152
NE22,0,9,Yes,0,58,0,0,11,11,0,0,70
NE23,3,15,Yes,0,211,0,0,13,13,24,0,226
NE24,0,11,Yes,0,181,0,0,9,9,0,0,177
NE25,3,1,,0,0,0,0,0,0,0,0,0
NE26,0,6,Yes,0,140,0,0,17,17,0,0,143
NE27,0,6,,0,0,0,0,0,0,0,0,0
NE28,0,17,,134,453,0,0,29,29,37,0,423
NE29,2,5,,19,47,0,0,20,20,0,0,0
NE3,4,17,,167,288,0,0,41,41,18,0,300
NE30,2,13,,129,324,0,0,54,54,36,0,281
NE31,3,23,,73,367,0,30,52,52,11,9,627
NE32,1,9,,78,143,0,0,33,33,0,0,118
NE33,1,10,,101,307,0,0,20,20,0,0,351
NE34,1,14,,189,342,0,0,43,43,0,0,420
NE35,1,8,,131,340,0,0,38,38,0,0,290
NE36,0,19,,284,754,0,0,32,32,0,0,864
NE37,0,8,Yes,0,98,0,0,13,13,0,0,106
NE38,1,3,,29,51,0,0,33,33,0,0,69
NE39,0,4,,55,119,0,0,25,25,0,0,230
NE4,1,19,Yes,0,94,0,0,16,16,0,0,196
NE40,3,16,,23,191,0,5,38,38,112,0,159
NE41,0,4,,34,118,0,0,25,25,0,0,130
NE42,0,7,,60,224,0,0,43,43,0,0,218
NE43,2,1,,0,0,0,0,0,0,0,0,0
NE44,0,8,,56,17,0,0,13,13,0,0,9
NE45,0,3,,0,0,0,0,0,0,0,0,0
NE46,0,1,,0,0,0,0,0,0,0,0,0
NE47,0,2,,0,57,0,0,0,0,0,0,50
NE48,0,10,,31,23,7,0,10,10,0,0,0
NE49,0,8,,0,31,0,0,0,0,0,0,27
NE5,0,6,,0,12,0,0,0,0,0,9,44
NE6,1,1,,17,0,0,0,100,100,0,0,0
NE61,2,17,,6,401,0,0,18,18,0,0,460
NE62,0,17,,0,414,0,40,29,29,0,0,360
NE63,0,20,,0,23,0,101,10,10,0,0,115
NE65,1,5,,82,53,0,0,60,60,0,0,129
NE66,0,10,,23,34,0,0,10,10,0,0,133
NE67,0,12,,0,51,0,0,0,0,0,0,21
NE68,0,11,,0,93,0,0,0,0,9,0,144
NE7,0,4,Yes,0,210,0,0,25,25,0,0,51
NE70,0,1,,0,0,0,0,0,0,0,0,0
NE71,0,2,Yes,0,33,0,0,50,50,0,0,34
NE8,1,1,,0,0,0,0,0,0,0,0,11
NE9,1,1,,0,0,0,0,0,0,0,0,0
NG1,0,4,Yes,0,37,0,0,25,25,0,0,24
NG10,2,18,,82,164,0,0,11,11,0,0,182
NG11,3,17,,246,457,0,0,35,35,0,0,363
NG12,1,19,,219,363,33,0,32,32,53,0,0
NG13,0,14,,60,127,0,12,29,29,0,0,34
NG14,3,17,,123,270,12,0,29,29,0,0,270
NG15,3,12,,132,246,0,0,33,33,0,3,130
NG16,3,10,,108,175,0,48,40,40,0,0,61
NG17,3,16,,168,117,6,24,44,44,4,6,216
NG18,1,33,,420,237,0,303,45,45,0,4,162
NG19,1,30,,162,357,0,0,13,13,0,0,128
NG2,2,15,,150,223,12,120,33,33,0,0,175
NG20,0,27,,279,361,12,48,22,22,0,0,213
NG21,0,21,,168,346,0,0,29,29,71,29,479
NG22,2,17,,41,63,0,84,29,29,0,10,46
NG23,0,13,Yes,0,171,0,0,8,8,0,0,102
NG24,3,10,,102,208,0,48,40,40,0,0,245
NG25,0,16,,81,265,36,60,25,25,0,0,118
NG3,5,19,,198,309,0,0,26,26,25,4,594
NG31,2,4,,60,75,0,0,25,25,24,0,126
NG32,0,18,,78,182,0,9,39,39,0,0,94
NG33,1,27,,151,133,21,0,26,26,49,26,223
NG34,1,9,,48,265,0,0,33,33,0,0,21
NG4,4,9,,38,24,0,0,33,33,0,0,12
NG5,4,19,,81,282,0,0,21,21,12,0,228
NG6,1,19,,216,202,0,24,26,26,11,0,217
NG7,5,19,Yes,0,136,0,0,21,21,0,0,37
NG8,3,27,Yes,0,148,0,0,26,26,0,0,255
NG9,7,39,,183,307,0,24,23,23,2,0,121
NN1,0,14,,0,114,0,30,36,36,0,0,187
NN10,4,26,,240,499,0,12,35,35,15,0,71
NN11,0,11,,71,35,0,0,36,36,7,0,19
NN12,2,14,,67,138,0,0,36,36,0,0,58
NN13,0,19,,146,271,0,0,68,68,0,0,239
NN14,2,18,,55,233,0,0,50,50,0,0,240
NN15,1,12,,73,112,0,0,42,42,0,0,208
NN16,1,23,,176,400,0,0,48,48,0,0,198
NN17,0,20,,47,308,0,0,20,20,0,0,292
NN18,0,9,,24,162,0,0,22,22,0,0,161
NN2,0,13,,22,82,9,14,23,23,0,15,58
NN29,1,15,,23,88,0,0,13,13,0,13,137
NN3,1,19,,40,41,0,0,21,21,0,0,46
NN4,2,6,,73,53,0,0,83,83,0,0,0
NN5,3,31,,70,348,0,0,23,23,27,22,401
NN6,2,18,,149,248,0,0,39,39,0,27,297
NN7,0,14,,66,255,0,0,43,43,12,0,131
NN8,1,26,,135,410,0,0,46,46,0,0,382
NN9,0,22,,105,361,0,0,55,55,0,0,508
NP10,2,,,,,,,,,,,
NP16,0,23,,75,0,0,0,22,22,0,0,36
NP19,3,,,,,,,,,,,
NP20,1,,,,,,,,,,,
NP25,0,11,,19,134,0,9,55,55,8,0,92
NP26,1,,,,,,,,,,,
NR1,1,4,,56,36,0,0,25,25,0,0,35
NR10,1,1,,4,8,0,0,100,100,0,0,9
NR11,2,14,Yes,0,0,0,0,7,7,0,0,0
NR12,0,11,,12,0,6,24,36,36,0,0,0
NR13,0,13,,24,13,0,0,15,15,0,0,0
NR14,0,17,,28,0,0,0,6,6,0,0,0
NR15,1,12,Yes,0,44,0,0,25,25,0,0,0
NR16,0,10,Yes,0,0,0,0,20,20,0,0,0
NR17,1,9,Yes,0,0,0,0,11,11,0,0,0
NR18,0,9,Yes,0,49,0,0,22,22,0,0,0
NR19,0,13,,24,0,0,0,8,8,0,0,0
NR2,2,15,,107,52,0,0,33,33,0,0,0
NR20,2,11,,96,102,0,25,27,27,0,0,0
NR21,1,13,,158,132,36,24,31,31,24,0,0
NR22,0,9,,60,12,0,0,33,33,0,0,0
NR23,0,10,,0,0,0,0,0,0,0,0,0
NR24,2,1,,0,0,0,0,0,0,0,0,0
NR25,0,2,,0,0,0,0,0,0,0,0,0
NR26,0,1,,0,0,36,0,100,100,0,0,0
NR27,0,4,,5,0,0,0,25,25,0,0,0
NR28,0,3,,0,0,0,0,0,0,0,0,0
NR29,0,8,,0,0,0,0,0,0,0,0,0
NR3,0,5,,0,0,0,0,0,0,0,0,0
NR30,0,11,,24,32,0,36,36,36,0,0,0
NR31,1,10,,0,0,0,0,0,0,0,0,0
NR32,2,11,,11,9,0,0,9,9,0,0,0
NR33,2,20,,9,107,0,0,35,35,0,0,0
NR34,0,17,,9,0,0,0,6,6,18,0,20
NR35,1,9,Yes,0,37,0,0,11,11,0,0,20
NR4,0,14,,10,99,0,0,21,21,0,0,101
NR5,1,14,,78,74,0,0,43,43,0,0,48
NR6,1,11,,121,229,0,48,36,36,72,0,0
NR7,1,13,Yes,0,0,0,0,15,15,0,0,0
NR8,0,12,,96,65,0,10,42,42,0,0,0
NR9,0,12,,48,0,0,30,17,17,0,0,0
NW1,2,9,,72,114,48,90,56,56,0,0,0
NW10,6,12,,111,143,14,0,50,50,42,0,0
NW11,0,23,,0,0,0,0,0,0,0,0,0
NW2,0,32,,0,0,0,0,0,0,0,0,0
NW3,2,15,,0,0,0,0,0,0,0,0,0
NW4,0,20,,0,0,0,0,0,0,0,0,0
NW5,0,38,,0,0,0,0,0,0,0,0,0
NW6,7,18,,0,0,0,0,0,0,0,0,0
NW7,0,14,,0,0,0,0,0,0,0,0,0
NW8,2,28,,0,0,0,0,0,0,0,0,0
NW9,0,18,,0,0,0,0,0,0,0,0,0
OL1,1,13,,0,0,0,0,0,0,0,0,0
OL10,0,23,,0,0,0,0,0,0,0,0,0
OL11,0,12,,210,297,0,48,42,42,0,0,291
OL12,1,11,,123,177,0,0,45,45,45,0,111
OL13,1,17,,44,513,0,100,18,18,0,0,343
OL14,1,8,Yes,0,329,0,0,13,13,0,0,225
OL15,1,28,,121,372,0,57,14,14,0,0,676
OL16,1,10,,120,312,0,0,30,30,64,12,268
OL2,1,5,,40,168,0,0,40,40,0,0,87
OL3,0,17,,214,266,0,27,29,29,20,0,221
OL4,2,21,,60,767,0,92,29,29,0,0,684
OL5,2,9,,97,346,0,76,44,44,0,0,331
OL6,4,19,,0,422,0,30,5,5,0,0,431
OL7,1,6,,75,122,0,0,50,50,0,0,139
OL8,1,19,,102,81,0,0,16,16,0,0,80
OL9,0,6,,85,107,0,0,33,33,0,0,29
OX1,0,22,,238,456,28,178,32,32,0,20,672
OX10,0,22,,383,946,34,213,32,32,10,35,1093
OX11,1,11,,0,87,0,0,0,0,0,0,100
OX12,0,16,,177,119,14,0,31,31,31,0,84
OX13,1,18,,233,214,100,0,44,44,132,0,120
OX14,2,13,,0,11,0,0,0,0,0,0,0
OX15,2,9,,27,38,0,0,11,11,0,0,0
OX16,0,25,,7,99,0,0,4,4,17,18,83
OX17,2,15,,57,90,0,0,13,13,0,0,13
OX18,0,21,,30,104,0,0,10,10,0,2,3
OX2,0,11,,100,59,0,0,55,55,7,0,116
OX20,0,13,,59,144,32,0,31,31,25,0,0
OX25,1,20,,0,73,0,0,0,0,0,0,77
OX26,0,4,,41,38,9,0,50,50,0,0,0
OX27,0,3,,0,50,0,0,0,0,0,0,0
OX28,2,17,,15,34,0,0,12,12,6,1,7
OX29,4,4,,10,59,0,0,25,25,0,0,10
OX3,3,12,,89,155,6,0,58,58,44,0,0
OX33,1,17,,105,69,0,0,29,29,11,0,13
OX39,0,22,,114,212,0,0,23,23,0,0,12
OX4,1,6,,20,19,0,0,33,33,0,0,0
OX44,1,2,,0,0,0,0,0,0,0,0,0
OX49,0,26,,192,170,0,15,23,23,0,0,32
OX5,1,6,,0,31,0,0,0,0,0,0,24
OX7,1,4,,0,10,0,0,0,0,0,0,0
OX9,0,12,,123,72,0,0,42,42,0,0,23
PE1,0,17,,63,118,0,0,35,35,0,0,28
PE10,0,5,,18,77,18,0,20,20,0,0,0
PE11,2,22,,22,150,0,0,32,32,3,8,209
PE12,2,10,,119,272,36,0,30,30,0,0,100
PE13,2,24,,97,256,0,7,25,25,0,0,350
PE14,2,21,,74,199,0,40,24,24,12,27,94
PE15,3,22,,31,106,0,0,27,27,0,0,163
PE16,1,3,Yes,0,0,0,0,67,67,0,0,30
PE19,3,17,,42,95,0,0,18,18,0,0,43
PE2,5,9,,139,247,0,0,67,67,0,0,222
PE20,0,21,,219,477,0,0,62,62,15,9,553
PE21,1,20,,171,181,0,0,55,55,0,8,225
PE22,1,5,,0,41,0,0,0,0,0,0,0
PE23,0,19,,40,129,0,0,5,5,38,0,290
PE24,1,12,,83,148,0,0,33,33,0,0,174
PE25,1,8,,0,12,0,0,0,0,0,0,53
PE26,0,4,,55,58,0,0,25,25,0,0,57
PE27,1,9,,106,128,0,0,33,33,0,0,9
PE28,4,6,,90,73,0,0,67,67,0,0,80
PE29,1,6,,72,257,0,0,50,50,0,24,368
PE3,0,22,,150,449,0,0,64,64,0,0,584
PE30,1,21,Yes,0,42,0,0,5,5,0,0,0
PE31,0,14,,75,111,0,0,36,36,0,0,243
PE32,0,14,,34,154,0,0,29,29,0,0,149
PE33,1,12,,9,18,0,0,8,8,0,0,0
PE34,0,12,,81,26,22,0,33,33,0,0,0
PE36,0,9,,18,0,0,0,11,11,0,0,0
PE37,1,12,,32,35,0,0,25,25,0,0,0
PE38,0,3,,0,0,0,0,0,0,0,0,0
PE4,2,6,,0,0,0,0,0,0,0,0,0
PE5,0,7,,12,21,0,0,43,43,0,0,0
PE6,3,10,,29,251,0,0,40,40,12,0,292
PE7,4,1,,22,27,0,0,100,100,0,0,25
PE8,1,17,,219,446,0,0,47,47,0,0,417
PE9,3,18,,74,649,13,0,56,56,0,0,478
PL1,1,11,,62,120,0,0,55,55,0,0,49
PL10,0,15,,46,228,0,0,27,27,7,10,224
PL11,0,14,,258,150,0,135,50,50,0,0,0
PL12,1,2,,0,11,0,12,50,50,0,0,0
PL13,1,5,,31,51,0,18,60,60,34,0,0
PL14,2,10,,186,157,0,36,80,80,0,0,0
PL15,0,5,,113,25,0,57,60,60,0,0,0
PL16,0,16,,241,55,16,145,75,75,0,0,0
PL17,0,17,,178,86,0,162,76,76,44,0,0
PL18,0,1,,0,12,0,0,0,0,0,0,11
PL19,1,4,,78,41,0,12,50,50,0,0,0
PL2,2,3,,24,27,0,36,67,67,0,0,0
PL20,2,11,,136,114,0,29,55,55,0,0,122
PL21,0,11,,113,117,0,109,36,36,0,0,0
PL22,1,7,,18,147,0,11,71,71,0,0,147
PL23,0,10,,60,200,0,9,50,50,0,0,104
PL24,0,3,,0,14,0,0,0,0,0,0,0
PL25,1,3,,0,10,0,0,0,0,0,0,0
PL26,1,4,,137,49,0,0,25,25,0,0,0
PL27,3,9,,267,137,0,0,33,33,0,0,0
PL28,1,12,,127,206,0,34,25,25,0,0,0
PL29,0,6,,122,241,0,3,50,50,46,0,0
PL3,1,2,,46,65,0,20,50,50,0,0,0
PL30,0,1,,11,0,0,0,100,100,0,0,0
PL31,0,8,,162,185,0,103,50,50,49,0,0
PL32,0,13,,126,15,0,68,38,38,0,0,0
PL33,0,7,,36,72,0,0,14,14,0,0,0
PL34,0,3,,20,0,0,10,33,33,0,0,0
PL35,0,1,,0,0,0,0,0,0,0,0,0
PL4,0,1,,9,0,0,10,100,100,0,0,0
PL5,0,1,,10,0,0,0,100,100,0,0,0
PL6,6,10,,54,182,117,77,30,30,81,0,0
PL7,1,22,,374,406,29,173,59,59,44,0,0
PL8,0,19,,359,193,0,189,37,37,0,0,58
PL9,5,13,,128,195,5,202,69,69,18,0,44
PO1,0,11,Yes,0,158,0,0,27,27,0,0,108
PO10,0,4,,59,62,0,0,100,100,0,0,66
PO11,1,10,,306,222,0,177,90,90,121,0,15
PO12,4,8,,59,72,0,0,38,38,0,0,120
PO13,1,5,,36,70,0,0,40,40,0,0,0
PO14,0,16,,200,364,0,0,38,38,0,0,0
PO15,0,16,,124,332,0,0,38,38,0,0,0
PO16,1,19,,140,357,65,0,32,32,60,66,26
PO17,0,6,,46,138,0,0,50,50,0,0,18
PO18,3,11,,252,342,0,0,45,45,0,0,0
PO19,1,3,,27,0,0,0,33,33,0,0,25
PO2,0,12,,35,49,0,0,17,17,0,0,72
PO20,1,15,,66,0,0,0,13,13,0,0,34
PO21,2,16,,69,269,0,0,38,38,0,0,294
PO22,2,14,,14,12,0,0,7,7,0,0,48
PO3,0,10,,105,166,0,0,20,20,0,0,113
PO30,1,7,,90,0,0,0,14,14,0,0,0
PO31,1,6,,72,102,0,0,17,17,4,22,158
PO32,1,17,,0,126,0,0,0,0,0,0,51
PO33,1,5,,0,29,0,0,0,0,0,0,52
PO34,0,3,,0,41,0,0,0,0,0,0,11
PO35,0,10,,0,148,0,0,0,0,5,0,47
PO36,0,1,,0,0,0,0,0,0,0,0,0
PO37,0,1,,0,40,0,0,0,0,0,0,0
PO38,0,4,,0,10,0,0,0,0,0,0,59
PO39,0,2,,0,22,0,0,0,0,0,0,0
PO4,1,6,,0,9,0,0,0,0,0,0,30
PO40,0,1,,0,0,0,0,0,0,0,0,0
PO41,0,12,,102,71,0,0,33,33,0,0,0
PO5,0,1,,0,0,0,0,0,0,0,0,0
PO6,0,13,Yes,0,323,0,0,15,15,18,0,304
PO7,0,1,,0,0,0,0,0,0,0,0,0
PO8,0,8,,40,135,0,0,50,50,0,0,197
PO9,0,18,,122,373,0,0,39,39,0,0,205
PR1,3,14,,139,185,0,0,14,14,0,8,159
PR2,2,20,,39,126,0,0,15,15,0,0,189
PR25,6,38,,43,518,0,15,34,34,36,0,410
PR26,2,37,,196,580,0,30,38,38,30,0,638
PR3,2,18,,29,207,0,98,44,44,60,0,0
PR4,8,7,,97,188,0,16,71,71,0,0,0
PR5,3,37,,157,457,30,54,24,24,78,30,450
PR6,7,40,,186,564,0,30,38,38,36,0,351
PR7,6,23,,129,444,0,56,57,57,36,0,0
PR8,0,21,,335,454,0,140,67,67,0,0,24
PR9,1,34,,434,721,12,134,50,50,62,0,72
RG1,2,16,,28,264,0,0,13,13,56,0,0
RG10,0,15,,94,125,0,0,27,27,0,0,0
RG12,0,19,,0,145,0,3,11,11,12,41,187
RG14,3,20,Yes,0,192,0,0,20,20,0,0,261
RG17,0,11,,201,81,24,0,64,64,0,0,115
RG18,0,11,Yes,0,148,0,0,27,27,0,0,223
RG19,1,7,Yes,0,89,0,0,29,29,0,0,60
RG2,0,17,,20,319,0,0,12,12,0,0,210
RG20,0,8,,91,46,0,0,38,38,0,0,98
RG21,0,23,,30,238,0,0,17,17,145,78,436
RG22,1,22,,96,232,0,0,32,32,12,12,182
RG23,0,7,Yes,0,57,0,0,14,14,0,0,82
RG24,0,15,,174,160,0,0,40,40,5,0,173
RG25,0,16,,132,289,0,0,19,19,0,0,255
RG26,0,13,,161,333,0,0,23,23,0,0,287
RG27,3,4,,33,64,0,0,100,100,0,0,111
RG28,0,9,,101,145,0,0,44,44,0,0,137
RG29,0,11,,54,134,0,0,27,27,0,0,98
RG30,3,2,,0,0,0,0,0,0,0,0,58
RG31,0,15,Yes,0,168,0,0,20,20,10,8,271
RG4,7,5,,37,50,0,0,40,40,0,0,79
RG40,2,21,,170,267,24,30,29,29,15,40,421
RG41,0,21,,179,435,111,10,33,33,105,96,466
RG42,0,21,,179,251,9,4,29,29,0,0,121
RG45,1,14,,99,327,0,0,36,36,28,0,393
RG5,0,13,,29,114,0,0,15,15,0,0,130
RG6,3,8,,11,7,0,0,13,13,0,0,45
RG7,2,12,,11,158,5,0,42,42,0,0,234
RG8,3,8,,101,197,0,0,50,50,0,0,208
RG9,0,26,,87,210,12,0,35,35,18,15,376
RH1,2,13,,50,110,0,0,23,23,24,0,196
RH10,5,13,,17,163,0,0,8,8,0,0,99
RH11,0,18,,34,159,0,0,22,22,0,0,311
RH12,2,24,,319,162,0,0,25,25,0,0,54
RH13,4,18,,96,132,0,0,17,17,0,0,82
RH14,2,22,,128,25,0,0,14,14,0,0,118
RH15,1,23,,100,160,0,0,17,17,0,0,111
RH16,0,6,,0,0,0,0,0,0,0,0,0
RH17,1,12,,235,140,0,0,33,33,0,0,43
RH18,0,12,,0,118,0,0,0,0,0,0,34
RH19,0,18,,56,116,0,0,11,11,0,0,61
RH2,2,3,,0,136,0,0,0,0,0,0,39
RH20,1,15,,20,29,0,0,13,13,0,0,25
RH3,0,1,Yes,0,0,0,0,100,100,0,0,60
RH4,2,15,,0,19,0,0,0,0,0,0,9
RH5,2,11,,18,0,0,0,9,9,0,0,0
RH6,1,9,,150,253,0,0,33,33,0,0,276
RH7,1,4,Yes,0,103,0,0,75,75,0,0,193
RH8,2,10,,0,0,0,0,0,0,0,0,0
RH9,0,12,,71,150,0,0,25,25,0,0,122
RM1,0,9,,33,155,0,0,33,33,0,0,106
RM10,0,2,,20,34,0,0,50,50,0,0,49
RM11,3,13,,0,0,0,0,0,0,0,0,0
RM12,1,13,,0,0,0,0,0,0,0,0,0
RM13,0,11,,0,0,0,0,0,0,0,0,0
RM14,2,12,,0,0,0,0,0,0,0,0,0
RM15,2,11,,0,0,0,0,0,0,0,0,0
RM16,2,13,,0,0,0,0,0,0,0,0,0
RM17,0,11,,51,89,0,0,45,45,0,0,109
RM18,0,16,,144,291,0,43,50,50,0,0,531
RM19,0,2,Yes,0,14,0,0,50,50,0,0,7
RM2,0,8,,92,47,0,3,50,50,0,0,76
RM20,0,1,Yes,0,58,0,0,100,100,0,0,21
RM3,0,5,,7,80,0,34,80,80,0,0,94
RM4,0,6,,0,0,0,0,0,0,0,0,0
RM5,2,14,,0,0,0,0,0,0,0,0,0
RM6,0,3,,0,0,0,0,0,0,0,0,0
RM7,0,3,,0,0,0,0,0,0,0,0,0
RM8,5,13,,0,0,0,0,0,0,0,0,0
RM9,1,7,,0,0,0,0,0,0,0,0,0
S1,0,13,,0,0,0,0,0,0,0,0,0
S10,2,14,,0,0,0,0,0,0,0,0,0
S11,2,1,,0,0,0,0,0,0,0,0,0
S12,2,15,,206,274,0,0,20,20,0,5,359
S13,1,10,,128,115,0,10,30,30,0,1,123
S14,0,10,,0,203,0,0,0,0,0,0,57
S17,0,10,,94,140,0,12,20,20,0,0,167
S18,0,2,,0,0,0,0,0,0,0,0,0
S2,3,6,,30,33,0,0,17,17,0,0,116
S20,0,14,,354,395,0,121,43,43,0,0,0
S21,0,18,,48,195,0,4,6,6,0,0,166
S25,1,11,,71,14,0,0,9,9,0,20,62
S26,0,11,,3,211,0,0,18,18,0,0,0
S3,0,10,,56,38,0,0,20,20,0,0,30
S32,1,14,,0,63,0,0,0,0,0,0,95
S33,0,6,,0,12,0,0,0,0,0,0,77
S35,1,5,,19,37,0,0,40,40,0,0,0
S36,1,7,,0,19,38,38,43,43,0,0,0
S4,1,19,,147,304,0,8,26,26,0,0,197
S40,7,13,,160,121,0,0,54,54,0,0,223
S41,1,6,,0,88,0,0,0,0,0,0,60
S42,2,14,,373,294,7,86,57,57,29,0,0
S43,1,18,,246,443,25,59,61,61,87,0,0
S44,2,10,,150,247,2,7,50,50,0,0,0
S45,0,21,,93,307,2,24,24,24,16,0,0
S5,1,12,,115,164,1,3,25,25,0,0,0
S6,3,6,,102,122,0,8,33,33,0,0,0
S60,0,19,,0,31,0,0,0,0,0,0,127
S61,0,16,,44,102,0,0,6,6,0,0,211
S62,0,18,,26,78,0,0,6,6,0,0,29
S63,0,15,,0,15,0,0,0,0,0,0,53
S64,1,12,,20,44,0,0,8,8,0,0,91
S65,0,20,Yes,0,66,0,0,5,5,0,0,101
S66,0,18,,0,119,0,46,6,6,0,0,183
S7,2,13,,0,30,0,0,0,0,0,0,33
S70,1,18,,0,121,0,0,0,0,0,23,120
S71,0,9,,40,206,0,0,11,11,20,0,275
S72,0,15,,22,131,238,0,13,13,44,97,184
S73,1,17,,65,244,0,0,18,18,0,16,251
S74,0,10,,22,106,0,0,10,10,38,0,49
S75,3,10,,88,83,0,0,40,40,17,4,99
S8,4,8,,21,92,80,85,50,50,80,26,55
S80,1,18,,75,180,0,53,22,22,0,0,341
S81,1,14,,95,54,0,10,21,21,0,0,60
S9,0,13,,235,130,0,36,38,38,0,0,140
SE1,2,14,,222,239,0,66,36,36,0,9,256
SE10,2,13,,60,0,0,0,8,8,0,0,20
SE11,2,27,,0,0,0,0,0,0,0,0,0
SE12,0,9,,0,0,0,0,0,0,0,0,0
SE13,2,14,,0,0,0,0,0,0,0,0,0
SE14,1,10,,0,0,0,0,0,0,0,0,0
SE15,2,8,,0,0,0,0,0,0,0,0,0
SE16,1,10,,0,0,0,0,0,0,0,0,0
SE17,0,28,,0,0,0,0,0,0,0,0,0
SE18,5,19,,0,0,0,0,0,0,0,0,0
SE19,3,12,,0,0,0,0,0,0,0,0,0
SE2,1,27,,0,0,0,0,0,0,0,0,0
SE20,0,12,,0,0,0,0,0,0,0,0,0
SE21,2,8,,0,0,0,0,0,0,0,0,0
SE22,4,6,,0,0,0,0,0,0,0,0,0
SE23,3,11,,0,0,0,0,0,0,0,0,0
SE24,2,11,,0,0,0,0,0,0,0,0,0
SE25,2,14,,0,0,0,0,0,0,0,0,0
SE26,1,8,,0,0,0,0,0,0,0,0,0
SE27,4,13,,0,0,0,0,0,0,0,0,0
SE28,1,10,,0,0,0,0,0,0,0,0,0
SE3,2,6,,0,0,0,0,0,0,0,0,0
SE4,3,11,,0,0,0,0,0,0,0,0,0
SE5,4,18,,0,0,0,0,0,0,0,0,0
SE6,3,9,,0,0,0,0,0,0,0,0,0
SE7,3,18,,0,0,0,0,0,0,0,0,0
SE8,2,18,,0,0,0,0,0,0,0,0,0
SE9,3,9,,0,0,0,0,0,0,0,0,0
SG1,2,19,Yes,0,190,0,0,21,21,10,7,167
SG10,0,12,,0,0,0,0,0,0,0,0,0
SG11,1,8,Yes,0,145,0,0,38,38,0,0,106
SG12,1,20,Yes,0,114,0,0,15,15,0,6,138
SG13,1,29,,0,0,0,0,0,0,0,0,0
SG14,1,12,Yes,0,124,0,0,25,25,0,0,184
SG15,0,2,Yes,0,49,0,0,50,50,0,0,0
SG16,1,2,,0,27,0,0,0,0,0,0,28
SG17,0,10,,34,144,0,0,40,40,21,18,109
SG18,1,4,,37,100,0,0,75,75,0,0,0
SG19,4,6,,56,160,0,0,50,50,0,0,0
SG2,4,12,,39,99,0,0,33,33,0,6,130
SG3,0,12,,20,104,0,0,33,33,0,0,84
SG4,0,22,,14,138,0,0,14,14,13,23,223
SG5,0,3,,0,100,0,0,0,0,0,0,96
SG6,4,19,,97,358,0,0,42,42,0,0,251
SG7,1,17,,111,337,0,0,47,47,0,0,116
SG8,0,17,,37,92,0,0,24,24,0,0,146
SG9,1,8,Yes,0,56,0,0,13,13,0,0,32
SK1,0,8,,0,47,0,0,0,0,0,0,64
SK10,2,22,,118,294,0,0,41,41,30,0,332
SK11,1,5,,0,52,0,0,0,0,0,0,33
SK12,1,22,,327,556,46,46,36,36,81,72,500
SK13,2,17,,115,359,0,0,18,18,24,84,215
SK14,2,9,,110,233,0,0,11,11,0,0,224
SK15,2,20,,84,204,0,0,30,30,28,0,0
SK16,0,22,,74,334,0,0,14,14,0,0,240
SK17,4,14,,144,203,0,0,29,29,0,0,260
SK2,1,11,,77,53,0,0,18,18,0,0,48
SK22,0,26,,48,226,4,89,19,19,36,0,24
SK23,3,11,,29,91,0,0,9,9,0,0,107
SK3,1,9,,76,130,0,0,67,67,32,0,0
SK4,7,10,,23,166,0,29,20,20,0,0,0
SK5,0,15,,33,183,0,0,20,20,0,0,77
SK6,3,19,,146,296,0,0,32,32,0,0,257
SK7,0,14,,30,51,0,0,7,7,0,0,55
SK8,4,21,,118,373,0,0,19,19,0,0,283
SK9,0,15,,132,249,0,0,33,33,0,0,328
SL0,0,32,,48,598,60,0,13,13,0,0,562
SL1,0,16,,262,442,65,1,38,38,0,0,402
SL2,0,23,Yes,0,192,0,0,4,4,0,26,237
SL3,1,4,,23,47,0,0,25,25,0,0,52
SL4,0,29,,36,192,0,0,7,7,19,78,215
SL5,1,21,,0,133,0,0,0,0,9,45,138
SL6,4,30,,23,155,0,0,3,3,0,11,303
SL7,2,15,,0,111,0,0,0,0,0,0,72
SL8,0,42,,268,452,0,0,17,17,9,47,365
SL9,0,12,,24,130,0,0,17,17,0,0,137
SM1,3,3,,24,48,0,0,33,33,0,0,0
SM2,1,7,Yes,0,46,0,0,14,14,0,0,122
SM3,0,10,,96,50,0,0,30,30,0,0,63
SM4,0,11,,0,0,0,0,0,0,0,0,0
SM5,3,9,,0,0,0,0,0,0,0,0,0
SM6,2,12,,0,0,0,0,0,0,0,0,0
SM7,2,18,,0,0,0,0,0,0,0,0,0
SN1,1,15,,0,0,0,0,0,0,0,0,0
SN10,3,8,,38,264,0,0,25,25,0,0,211
SN11,0,12,Yes,0,202,0,0,58,58,0,0,129
SN12,1,9,,96,71,0,0,33,33,0,0,34
SN13,1,20,,107,116,0,0,20,20,0,0,76
SN14,4,11,,43,28,0,0,27,27,0,0,55
SN15,2,7,,18,144,0,0,86,86,0,0,113
SN16,0,14,,80,183,18,0,64,64,36,56,68
SN2,1,17,,73,161,0,0,71,71,0,0,116
SN25,1,8,,80,80,0,0,75,75,0,0,80
SN26,0,15,,23,38,0,0,7,7,0,0,53
SN3,2,18,,141,187,0,0,28,28,0,0,36
SN4,2,1,,0,0,0,0,0,0,0,0,0
SN5,1,23,,49,108,0,0,9,9,0,0,45
SN6,1,12,,12,132,0,0,17,17,0,0,62
SN7,2,14,,78,166,0,0,29,29,0,0,174
SN8,1,14,,120,84,18,0,29,29,19,9,87
SN9,0,9,,0,8,0,0,0,0,8,0,0
SO14,1,7,Yes,0,119,0,0,14,14,0,0,0
SO15,0,15,,169,167,0,0,80,80,0,0,202
SO16,3,6,,18,18,0,0,33,33,0,0,28
SO17,0,14,,0,261,0,0,0,0,0,0,0
SO18,0,13,Yes,0,420,0,0,8,8,0,0,0
SO19,1,28,,84,448,0,48,25,25,0,0,0
SO20,0,5,,36,101,0,0,20,20,0,0,0
SO21,0,19,,36,197,0,89,37,37,0,0,0
SO22,0,5,,0,34,0,39,40,40,0,0,0
SO23,1,14,,94,170,0,0,43,43,0,0,181
SO24,1,11,,190,55,0,0,45,45,0,0,253
SO30,2,8,,41,185,0,0,25,25,0,0,143
SO31,0,6,,33,41,0,0,33,33,0,0,34
SO32,0,9,,96,362,12,0,56,56,30,0,229
SO40,1,15,,90,372,0,0,20,20,0,0,105
SO41,1,11,,47,135,0,0,27,27,0,0,262
SO42,0,19,,143,380,0,0,21,21,0,0,348
SO43,1,15,,155,265,0,0,33,33,5,17,203
SO45,0,2,,28,42,0,0,50,50,0,0,44
SO50,1,4,,0,0,0,0,0,0,0,0,0
SO51,2,16,,158,409,0,0,25,25,0,0,202
SO52,1,16,,237,324,0,0,50,50,0,0,367
SO53,2,15,,292,293,2,121,67,67,4,0,0
SP1,2,2,,0,55,0,0,0,0,30,0,0
SP10,0,14,,153,225,0,0,50,50,25,35,257
SP11,0,19,,46,157,0,0,47,47,0,0,167
SP2,0,19,,129,424,0,120,21,21,0,0,0
SP3,2,22,,123,255,0,30,41,41,6,0,24
SP4,1,13,,53,75,0,0,23,23,0,0,86
SP5,0,8,,8,38,0,0,75,75,0,0,21
SP6,0,20,,54,169,0,0,55,55,0,0,151
SP7,0,14,,61,91,0,0,43,43,0,0,123
SP8,0,9,,93,24,0,0,56,56,0,0,86
SP9,0,5,Yes,0,38,0,0,40,40,0,0,11
SR1,0,8,,4,68,11,0,38,38,27,19,91
SR2,2,7,,0,43,0,0,0,0,9,6,59
SR3,2,1,,0,0,0,0,0,0,0,0,0
SR4,1,16,Yes,0,199,0,0,31,31,0,0,184
SR5,5,19,,8,221,0,2,16,16,0,0,209
SR6,2,11,Yes,0,294,0,0,18,18,0,0,385
SR7,1,11,Yes,0,283,0,0,9,9,0,0,273
SR8,0,17,,15,270,0,3,24,24,0,0,225
SS0,4,14,Yes,0,299,0,0,7,7,117,37,340
SS1,4,16,,74,263,0,23,44,44,231,0,214
SS11,0,20,,129,154,0,0,30,30,0,0,93
SS12,0,6,,186,66,0,0,50,50,0,11,301
SS13,0,7,Yes,0,16,0,0,14,14,0,0,18
SS14,0,10,Yes,0,41,0,0,50,50,40,0,9
SS15,3,5,,42,17,0,0,40,40,0,0,18
SS16,3,7,,14,75,0,0,71,71,18,0,54
SS17,2,9,,24,67,0,0,33,33,0,0,64
SS2,1,10,,23,49,27,0,40,40,65,148,55
SS3,0,11,,153,336,0,0,64,64,0,0,390
SS4,1,13,,0,83,0,149,8,8,0,0,267
SS5,2,9,,24,69,0,0,44,44,0,0,129
SS6,2,10,,48,55,0,0,30,30,0,0,0
SS7,6,5,,24,118,0,0,20,20,0,0,0
SS8,1,10,,24,168,0,0,10,10,0,0,0
SS9,5,18,,132,217,36,18,44,44,0,0,0
ST1,1,12,,42,97,0,0,17,17,0,0,0
ST10,1,18,,348,694,0,0,39,39,0,3,412
ST11,1,14,,101,118,0,120,21,21,0,0,149
ST12,0,19,,374,114,0,0,37,37,30,0,182
ST13,1,9,,96,197,55,55,33,33,0,59,254
ST14,4,2,,25,0,0,0,50,50,0,0,23
ST15,3,17,,17,139,24,24,12,12,80,0,95
ST16,0,17,,314,112,48,98,18,18,36,33,45
ST17,1,11,,604,321,0,98,45,45,56,0,527
ST18,2,10,,29,235,0,100,50,50,57,63,227
ST19,0,22,,1007,854,0,76,50,50,76,92,923
ST2,2,13,,325,152,0,20,54,54,91,207,194
ST20,0,14,,48,0,60,60,7,7,0,0,0
ST21,1,15,,209,274,0,6,27,27,0,0,375
ST3,1,3,,192,117,0,0,100,100,0,0,70
ST4,0,3,,0,54,0,0,0,0,0,0,37
ST5,1,27,,318,519,0,0,19,19,71,12,587
ST6,0,22,,357,661,269,338,36,36,344,319,622
ST7,2,38,,647,675,82,86,39,39,165,102,741
ST8,0,26,,364,583,0,60,27,27,126,70,762
ST9,0,28,,473,507,0,120,29,29,3,0,422
SW10,0,10,,118,55,27,34,20,20,48,40,72
SW11,1,8,,131,186,0,0,38,38,66,104,224
SW12,0,6,,0,0,0,0,0,0,0,0,0
SW13,0,24,,0,0,0,0,0,0,0,0,0
SW14,0,16,,0,0,0,0,0,0,0,0,0
SW15,1,6,,0,0,0,0,0,0,0,0,0
SW16,4,6,,0,0,0,0,0,0,0,0,0
SW17,1,26,,0,0,0,0,0,0,0,0,0
SW18,2,16,,0,0,0,0,0,0,0,0,0
SW19,1,23,,0,0,0,0,0,0,0,0,0
SW1E,0,18,,0,0,0,0,0,0,0,0,0
SW1H,0,31,,0,0,0,0,0,0,0,0,0
SW1P,1,1,,0,0,0,0,0,0,0,0,0
SW1V,0,1,,0,0,0,0,0,0,0,0,0
SW1W,0,10,,0,0,0,0,0,0,0,0,0
SW1X,0,7,,0,0,0,0,0,0,0,0,0
SW2,7,5,,0,0,0,0,0,0,0,0,0
SW20,0,5,,0,0,0,0,0,0,0,0,0
SW3,0,16,,0,0,0,0,0,0,0,0,0
SW4,1,14,,0,0,0,0,0,0,0,0,0
SW5,0,10,,0,0,0,0,0,0,0,0,0
SW6,1,17,,0,0,0,0,0,0,0,0,0
SW7,0,5,,0,0,0,0,0,0,0,0,0
SW8,0,25,,0,0,0,0,0,0,0,0,0
SW9,4,9,,0,0,0,0,0,0,0,0,0
SY1,1,9,,0,0,0,0,0,0,0,0,0
SY10,1,12,,0,0,0,0,0,0,0,0,0
SY11,0,13,,91,340,3,0,31,31,27,0,190
SY12,0,7,,30,110,0,0,43,43,0,0,118
SY13,1,12,,56,110,0,0,33,33,100,0,191
SY14,1,6,,24,50,0,0,50,50,0,0,22
SY15,0,10,,0,38,0,0,0,0,14,1,16
SY16,1,,,,,,,,,,,
SY2,0,5,,0,0,0,0,0,0,0,0,39
SY22,1,,,,,,,,,,,
SY3,6,1,,0,0,0,0,0,0,0,0,0
SY4,0,8,,41,128,0,0,25,25,55,0,79
SY5,2,12,,33,110,24,0,25,25,25,69,125
SY6,0,20,,89,200,94,0,35,35,14,0,148
SY7,0,13,,44,116,0,0,38,38,59,6,160
SY8,0,4,,20,72,0,0,50,50,22,0,42
SY9,0,3,Yes,0,0,0,0,33,33,0,29,0
TA1,1,11,,30,82,13,0,18,18,0,10,128
TA10,0,9,,21,156,0,0,22,22,0,0,152
TA11,0,16,,124,155,0,0,31,31,0,0,177
TA12,0,6,,110,88,0,0,67,67,0,0,105
TA13,0,5,,36,36,0,0,40,40,0,0,39
TA14,0,3,,54,42,0,0,67,67,0,0,36
TA15,0,2,,18,24,0,0,100,100,0,0,24
TA16,0,3,,30,6,0,0,67,67,0,0,12
TA17,0,1,,24,0,0,0,100,100,0,0,0
TA18,0,1,,0,0,0,0,0,0,0,0,0
TA19,0,1,,0,0,0,0,0,0,0,0,0
TA2,2,8,,0,0,0,0,0,0,0,0,0
TA20,0,6,,31,12,0,0,17,17,0,0,0
TA21,1,18,,69,78,0,0,22,22,0,0,92
TA22,0,11,,51,66,0,0,27,27,0,0,84
TA23,0,13,,88,59,0,0,54,54,0,0,44
TA24,1,2,,18,24,0,0,50,50,0,0,22
TA3,2,2,,0,0,0,0,0,0,0,0,0
TA4,0,9,,0,0,0,0,0,0,0,0,0
TA5,0,11,,117,137,0,0,45,45,0,0,85
TA6,1,11,,208,132,0,0,64,64,0,0,76
TA7,0,7,,30,12,0,0,29,29,0,0,14
TA8,0,21,,138,105,0,0,33,33,0,0,134
TA9,0,10,,65,96,0,0,40,40,0,0,92
TD15,2,4,,12,12,0,0,25,25,0,0,47
TF1,0,8,,0,12,0,0,0,0,0,0,21
TF10,1,16,,0,117,0,0,0,0,0,0,49
TF11,1,15,,96,54,0,0,13,13,0,0,95
TF12,0,12,,96,145,0,0,17,17,0,0,230
TF13,0,7,,17,114,0,0,14,14,0,0,50
TF2,2,3,,27,31,18,0,67,67,0,14,89
TF3,2,3,,17,0,0,0,33,33,0,0,22
TF4,2,17,,84,145,0,0,12,12,0,0,62
TF5,0,10,,72,76,0,0,10,10,0,0,109
TF6,0,11,,0,47,0,0,0,0,0,0,18
TF7,0,1,,0,41,0,0,0,0,0,0,120
TF8,0,5,,36,27,0,0,20,20,0,0,29
TF9,1,10,,0,77,0,0,0,0,0,0,85
TN1,0,2,,0,22,0,0,0,0,0,0,19
TN10,0,14,,44,102,0,0,29,29,0,0,101
TN11,0,1,,0,0,0,0,0,0,0,0,0
TN12,2,6,,0,26,0,0,0,0,0,0,16
TN13,0,13,,65,131,0,0,31,31,0,0,78
TN14,2,10,,0,89,0,0,0,0,0,0,30
TN15,0,16,,77,171,0,0,13,13,0,0,211
TN16,3,10,,40,100,0,0,20,20,0,0,174
TN17,0,14,,13,91,0,0,7,7,0,63,74
TN18,0,7,,43,13,0,0,29,29,0,0,0
TN19,1,3,Yes,0,57,0,0,67,67,0,0,32
TN2,0,12,,53,60,0,0,25,25,0,0,67
TN20,0,4,,0,40,0,0,0,0,0,0,40
TN21,1,12,,64,49,0,0,8,8,2,0,56
TN22,2,4,,21,21,0,0,25,25,0,0,13
TN23,0,8,,120,125,0,24,75,75,0,0,106
TN24,1,16,,75,216,0,0,69,69,0,0,288
TN25,3,15,,377,426,61,94,67,67,95,0,0
TN26,0,13,,212,72,0,0,31,31,0,0,0
TN27,0,15,,141,220,0,0,47,47,0,0,34
TN28,0,4,,46,70,0,0,50,50,0,0,30
TN29,0,8,,12,75,0,0,38,38,0,0,31
TN3,0,3,,0,0,0,0,0,0,0,0,0
TN30,0,4,,11,47,0,0,25,25,0,0,35
TN31,0,9,,28,121,0,0,22,22,0,0,50
TN32,1,6,,0,34,0,0,0,0,0,0,0
TN33,3,8,,44,36,0,0,63,63,0,0,79
TN34,2,6,Yes,0,32,0,0,50,50,0,0,45
TN35,0,8,Yes,0,69,0,0,50,50,0,0,49
TN36,0,2,Yes,0,15,0,0,50,50,0,0,13
TN37,1,7,,28,71,0,0,43,43,0,0,43
TN38,0,9,,74,172,0,0,67,67,0,0,134
TN39,1,6,Yes,0,40,0,0,67,67,54,0,0
TN4,3,6,,42,93,0,0,67,67,0,0,67
TN40,0,9,,11,37,0,0,44,44,0,0,49
TN5,0,16,,117,223,20,0,31,31,0,0,34
TN6,0,7,,30,50,0,0,57,57,0,0,61
TN7,0,2,Yes,0,26,0,0,50,50,0,0,20
TN8,0,6,,0,106,0,30,33,33,0,0,71
TN9,0,9,,44,133,0,0,44,44,0,0,169
TQ1,2,6,,22,15,0,0,17,17,0,0,9
TQ10,0,9,,49,44,11,0,22,22,0,32,40
TQ11,0,2,Yes,0,40,0,0,50,50,0,0,21
TQ12,2,14,,101,241,4,0,29,29,49,0,240
TQ13,3,1,,0,52,0,0,0,0,0,0,47
TQ14,0,7,Yes,0,163,0,0,29,29,9,0,94
TQ2,4,27,,121,429,0,0,56,56,190,212,432
TQ3,0,14,,39,199,0,0,36,36,0,0,128
TQ4,1,13,,140,235,0,0,23,23,92,0,273
TQ5,0,7,,116,250,8,12,57,57,83,0,99
TQ6,0,4,Yes,0,0,0,0,50,50,24,0,39
TQ7,0,9,Yes,0,195,0,0,22,22,0,0,129
TQ8,1,5,,28,216,0,0,20,20,0,0,172
TQ9,4,7,,63,139,0,0,71,71,12,0,80
TR1,0,1,,0,11,0,0,0,0,0,0,13
TR10,0,18,,92,179,0,0,39,39,40,22,108
TR11,0,11,,23,24,0,0,27,27,0,0,0
TR12,0,3,,24,21,0,0,67,67,0,0,0
TR13,0,10,,98,59,0,0,30,30,0,0,0
TR14,2,9,,36,65,0,0,44,44,0,0,0
TR15,1,12,,66,11,0,0,42,42,0,0,0
TR16,1,14,,71,36,0,0,36,36,0,0,0
TR17,0,7,,0,33,0,0,0,0,0,0,0
TR18,2,7,,24,29,0,0,43,43,0,0,0
TR19,0,1,,0,7,0,0,0,0,0,0,0
TR2,0,9,,46,112,0,29,67,67,0,0,0
TR20,1,7,,41,30,0,0,71,71,0,0,0
TR21,0,9,,63,45,0,0,56,56,0,0,0
TR26,1,8,,69,63,0,0,38,38,0,0,0
TR27,0,1,,0,0,0,0,0,0,0,0,0
TR3,3,4,,20,8,0,0,25,25,0,0,0
TR4,0,8,,81,53,0,0,50,50,0,0,0
TR5,0,7,,81,36,0,0,71,71,0,0,0
TR6,0,11,,24,32,0,0,27,27,0,0,0
TR7,0,2,,0,0,0,0,0,0,0,0,0
TR8,0,1,,0,0,0,0,0,0,0,0,0
TR9,0,6,,121,56,0,0,33,33,0,0,0
TS1,0,5,,21,30,0,0,20,20,0,0,0
TS10,0,2,,36,42,0,0,50,50,0,0,0
TS11,1,5,,0,18,0,0,0,0,0,0,59
TS12,2,15,,48,152,0,101,33,33,13,24,89
TS13,0,5,,53,0,0,0,20,20,0,0,0
TS14,0,10,,0,177,0,0,0,0,0,0,152
TS15,0,6,,0,21,0,0,0,0,0,0,0
TS16,0,7,,12,162,0,0,57,57,0,0,102
TS17,0,8,,45,80,0,0,38,38,0,0,70
TS18,1,7,,25,90,0,0,14,14,0,0,72
TS19,2,18,,71,30,0,0,6,6,0,0,223
TS2,0,8,,0,24,0,0,0,0,0,0,0
TS20,1,17,,0,52,0,0,0,0,0,0,89
TS21,0,7,Yes,0,5,0,0,14,14,0,0,118
TS22,0,1,,0,0,0,0,0,0,0,0,0
TS23,0,9,,0,22,0,0,0,0,0,0,0
TS24,0,5,,0,106,0,0,0,0,0,0,56
TS25,0,11,,15,44,0,0,9,9,0,0,68
TS26,2,11,,0,15,0,0,0,0,0,0,25
TS27,0,18,,0,184,0,0,0,0,0,0,60
TS28,0,7,,0,175,0,0,0,0,0,7,88
TS29,0,7,,6,63,0,0,14,14,0,0,75
TS3,0,4,,0,0,0,0,0,0,0,0,0
TS4,0,3,,0,0,0,0,0,0,0,0,14
TS5,3,19,,0,118,0,0,0,0,0,0,120
TS6,0,9,,0,131,0,0,0,0,0,0,137
TS7,0,12,,2,181,0,2,8,8,0,0,162
TS8,0,15,,89,169,0,32,33,33,0,0,278
TS9,2,11,,2,32,0,2,9,9,0,0,21
TW1,4,7,,41,77,0,0,29,29,0,0,69
TW10,1,8,,0,58,0,0,0,0,0,0,57
TW11,3,10,,0,0,0,0,0,0,0,0,0
TW12,5,12,,0,0,0,0,0,0,0,0,0
TW13,1,7,,0,0,0,0,0,0,0,0,0
TW14,0,11,,0,0,0,0,0,0,0,0,0
TW15,4,15,,0,0,0,0,0,0,0,0,0
TW16,3,8,,0,0,0,0,0,0,0,0,0
TW17,0,9,,87,226,0,0,56,56,0,0,236
TW18,1,8,Yes,0,172,0,0,50,50,0,0,210
TW19,1,9,,32,103,0,0,22,22,0,0,49
TW2,4,6,,0,79,0,0,0,0,0,0,24
TW20,0,3,,0,26,0,0,0,0,0,0,35
TW3,4,17,,0,0,0,0,0,0,0,0,0
TW4,0,10,,30,129,0,0,30,30,0,0,167
TW5,0,10,,0,0,0,0,0,0,0,0,0
TW7,0,8,,0,0,0,0,0,0,0,0,0
TW8,0,10,,0,0,0,0,0,0,0,0,0
TW9,2,16,,0,0,0,0,0,0,0,0,0
UB1,0,7,,0,0,0,0,0,0,0,0,0
UB10,9,10,,0,0,0,0,0,0,0,0,0
UB2,0,16,,0,0,0,0,0,0,0,0,0
UB3,1,16,,0,0,0,0,0,0,0,0,0
UB4,0,14,,0,0,0,0,0,0,0,0,0
UB5,1,15,,0,0,0,0,0,0,0,0,0
UB6,2,16,,0,0,0,0,0,0,0,0,0
UB7,3,12,,0,0,0,0,0,0,0,0,0
UB8,2,15,,0,0,0,0,0,0,0,0,0
UB9,1,12,,0,0,0,0,0,0,0,0,0
W10,0,15,,0,0,0,0,0,0,0,0,0
W11,2,5,,0,0,0,0,0,0,0,0,0
W12,3,23,,0,0,0,0,0,0,0,0,0
W13,1,12,,0,0,0,0,0,0,0,0,0
W14,0,21,,0,0,0,0,0,0,0,0,0
W1B,0,10,,0,0,0,0,0,0,0,0,0
W1D,0,13,,0,0,0,0,0,0,0,0,0
W1G,0,3,,0,0,0,0,0,0,0,0,0
W1H,0,1,,0,0,0,0,0,0,0,0,0
W1J,0,1,,0,0,0,0,0,0,0,0,0
W1K,1,6,,0,0,0,0,0,0,0,0,0
W1U,0,1,,0,0,0,0,0,0,0,0,0
W1W,0,1,,0,0,0,0,0,0,0,0,0
W2,2,3,,0,0,0,0,0,0,0,0,0
W3,3,1,,0,0,0,0,0,0,0,0,0
W4,3,15,,0,0,0,0,0,0,0,0,0
W5,0,21,,0,0,0,0,0,0,0,0,0
W6,0,14,,0,0,0,0,0,0,0,0,0
W7,1,17,,0,0,0,0,0,0,0,0,0
W8,0,24,,0,0,0,0,0,0,0,0,0
W9,1,11,,0,0,0,0,0,0,0,0,0
WA1,2,7,,0,0,0,0,0,0,0,0,0
WA10,1,12,,0,0,0,0,0,0,0,0,0
WA11,0,11,,120,151,0,26,36,36,78,121,88
WA12,0,13,,19,126,0,0,8,8,0,0,0
WA13,1,14,,0,135,0,0,0,0,0,0,0
WA14,1,10,,18,207,19,0,20,20,0,0,0
WA15,2,6,,81,168,0,27,33,33,26,0,122
WA16,2,16,,50,259,0,0,6,6,0,0,292
WA2,1,18,,18,333,0,0,6,6,0,0,352
WA3,1,12,,118,330,0,60,17,17,89,79,177
WA4,3,17,,64,250,0,0,29,29,9,0,218
WA5,0,23,,77,178,0,0,22,22,59,11,326
WA6,0,24,,96,273,12,0,21,21,99,0,190
WA7,3,23,,141,355,0,0,35,35,148,157,528
WA8,2,12,,56,151,0,0,50,50,0,15,122
WA9,1,40,,172,260,0,0,30,30,18,6,277
WC1A,0,30,,177,185,0,0,20,20,0,19,185
WC1B,0,21,,33,194,0,0,5,5,0,0,0
WC1H,0,1,,0,0,0,0,0,0,0,0,0
WC1N,0,1,,0,0,0,0,0,0,0,0,0
WC2B,0,1,,0,0,0,0,0,0,0,0,0
WC2E,0,3,,0,0,0,0,0,0,0,0,0
WD17,1,8,Yes,0,44,0,0,13,13,0,0,36
WD18,3,2,,0,0,0,0,0,0,0,0,0
WD19,0,1,,0,0,0,0,0,0,0,0,0
WD23,0,12,,66,63,0,0,25,25,12,0,45
WD24,0,9,,0,90,0,0,0,0,0,0,86
WD25,0,20,,36,120,0,0,20,20,0,14,136
WD3,1,7,,67,18,0,0,29,29,0,0,14
WD4,0,17,,22,41,0,0,12,12,0,0,32
WD5,0,5,Yes,0,82,0,0,20,20,0,0,101
WD6,1,25,,123,292,0,0,36,36,42,63,320
WD7,0,4,,27,43,0,0,25,25,0,0,47
WF1,1,17,,0,65,0,0,0,0,0,0,47
WF10,1,9,,32,160,0,0,33,33,0,0,97
WF11,1,19,,125,208,0,0,16,16,0,0,163
WF12,2,18,,47,92,0,0,11,11,0,0,47
WF13,0,8,,0,29,0,0,0,0,0,0,49
WF14,2,18,,97,113,0,40,39,39,0,0,0
WF15,1,15,,42,285,0,21,40,40,0,0,0
WF16,0,8,,136,195,0,0,38,38,0,0,0
WF17,3,9,,102,183,0,89,78,78,0,0,0
WF2,0,5,,28,112,0,67,40,40,4,0,0
WF3,0,27,,200,374,0,141,63,63,6,0,0
WF4,3,21,,77,277,0,0,10,10,0,0,181
WF5,0,13,,255,380,0,6,46,46,48,48,279
WF6,0,24,,183,376,0,45,29,29,0,0,253
WF7,1,12,,28,219,0,0,8,8,0,0,176
WF8,4,10,,30,73,0,0,10,10,0,0,40
WF9,0,13,,102,102,0,0,23,23,0,0,64
WN1,1,17,,0,196,0,0,0,0,0,0,221
WN2,0,18,,28,96,0,0,6,6,0,0,149
WN3,1,9,,20,43,0,0,11,11,0,0,82
WN4,1,27,,22,316,0,0,22,22,12,0,151
WN5,2,12,,40,138,0,0,17,17,0,0,165
WN6,0,14,,10,113,0,0,29,29,0,0,105
WN7,1,16,,0,103,0,0,0,0,0,0,80
WN8,2,16,,70,294,0,0,31,31,0,0,176
WR1,0,5,Yes,0,39,0,0,20,20,0,0,33
WR10,1,19,,26,148,0,0,16,16,0,6,90
WR11,5,31,,121,188,0,0,19,19,0,0,0
WR12,0,13,,27,151,0,0,38,38,0,0,136
WR13,0,8,Yes,0,32,0,0,25,25,0,0,47
WR14,2,23,,66,336,0,0,35,35,19,0,333
WR15,0,4,,27,45,0,0,75,75,0,0,50
WR2,1,15,,53,202,0,0,40,40,0,0,217
WR3,1,4,,18,40,0,0,25,25,0,0,18
WR4,0,8,Yes,0,64,0,0,13,13,0,0,33
WR5,3,13,,120,182,0,0,46,46,0,0,223
WR6,1,9,,98,187,0,0,33,33,14,0,148
WR7,1,4,Yes,0,35,0,0,75,75,0,0,43
WR8,0,15,,53,220,0,0,27,27,0,0,87
WR9,2,11,,26,153,0,0,18,18,0,0,72
WS1,0,5,,63,83,0,0,60,60,27,38,69
WS10,1,14,,25,207,0,0,43,43,0,0,165
WS11,2,16,,0,60,0,0,0,0,0,18,88
WS12,2,22,,49,116,0,30,18,18,18,18,60
WS13,0,18,,421,330,24,63,39,39,77,75,295
WS14,0,14,,584,489,24,24,36,36,33,82,428
WS15,0,16,,501,241,60,43,50,50,0,0,298
WS2,0,8,,86,284,0,0,38,38,24,0,240
WS3,3,19,,204,336,24,24,21,21,21,0,305
WS4,0,19,,0,103,0,0,0,0,0,0,117
WS5,1,25,,12,262,0,30,8,8,0,0,213
WS6,0,9,,20,47,0,0,11,11,0,0,69
WS7,2,7,,0,41,0,0,0,0,6,0,40
WS8,0,7,,0,86,0,0,0,0,0,0,357
WS9,4,11,,264,283,0,0,27,27,0,0,260
WV1,0,9,,0,94,0,0,0,0,0,0,107
WV10,2,12,,86,180,0,0,17,17,36,36,189
WV11,0,7,,0,181,0,0,0,0,110,87,188
WV12,1,23,,0,274,0,0,0,0,0,0,175
WV13,1,16,,0,297,0,0,0,0,0,27,403
WV14,1,22,Yes,0,49,0,0,5,5,66,30,223
WV15,0,11,,0,127,0,0,0,0,0,0,69
WV16,0,5,,0,68,0,0,0,0,0,0,54
WV2,0,3,,0,0,0,0,0,0,0,0,0
WV3,6,9,,27,67,0,0,33,33,0,0,39
WV4,2,5,,0,0,0,0,0,0,0,0,7
WV5,2,13,,0,416,0,0,0,0,0,4,543
WV6,2,20,,0,200,0,0,0,0,0,34,173
WV7,0,8,,57,108,0,0,13,13,0,0,125
WV8,0,22,,120,290,60,60,5,5,42,0,124
WV9,0,3,,0,18,0,0,0,0,0,0,0
YO10,2,9,,80,224,18,18,11,11,129,171,158
YO11,2,13,Yes,0,84,0,0,8,8,0,0,68
YO12,3,2,,0,0,0,0,0,0,0,0,17
YO13,3,11,,49,140,0,0,18,18,15,38,132
YO14,1,4,Yes,0,64,0,0,25,25,0,0,52
YO15,0,13,,85,249,14,0,54,54,0,0,183
YO16,0,10,Yes,0,67,0,0,20,20,0,0,33
YO17,3,7,,0,68,0,0,0,0,0,0,102
YO18,1,4,,0,18,0,0,0,0,0,0,31
YO19,1,15,,10,39,0,0,20,20,0,0,105
YO21,2,14,Yes,0,6,0,0,7,7,0,0,26
YO22,0,6,,58,53,0,0,33,33,0,0,76
YO23,4,7,,0,41,0,0,0,0,14,0,38
YO24,1,12,Yes,0,53,0,0,8,8,59,24,91
YO25,2,20,Yes,0,195,0,0,10,10,0,0,242
YO26,1,7,,0,45,0,0,0,0,5,0,43
YO30,3,10,,142,179,56,0,50,50,83,37,157
YO31,1,14,,76,112,0,0,21,21,105,90,153
YO32,1,10,,71,25,7,0,30,30,25,26,27
YO41,1,9,,33,96,16,0,22,22,0,0,118
YO42,3,9,,42,216,0,36,44,44,90,106,254
YO43,1,6,Yes,0,0,0,0,33,33,0,0,72
YO51,1,7,,0,128,0,0,0,0,0,0,45
YO60,1,9,,9,35,0,0,11,11,0,0,61
YO61,0,5,,27,18,0,0,40,40,0,0,53
YO62,1,12,Yes,0,39,0,0,17,17,0,0,90
YO7,1,5,,0,0,0,0,0,0,0,0,39
YO8,2,10,,70,52,0,0,30,30,0,0,99
