Row Labels,Count of No delivery due to covid,Sum of L1 and L2 places attended - 2019/20,Sum of Level 3 Places Attended (2018/19),Sum of Levels 1 and 2 Places Attended (2018/19),Sum of L3 places attended - 2019/20,Sum of Number of schools,Sum of Level 3 Places Attended (2020/21),Sum of % schools that booked Bikeability,Sum of Plus Places Attended (2020/21),Sum of Levels 1 and 2 places attended (2020/21)
AL9,Yes,69,0,42,0,7,0,29,0,0
B11,Yes,216,0,181,0,19,0,5,0,0
B13,Yes,705,124,812,122,22,0,5,0,0
B15,Yes,85,25,193,12,18,0,6,0,0
B17,Yes,48,0,45,0,10,0,10,0,0
B20,Yes,161,0,143,0,13,0,8,0,0
B21,Yes,53,0,0,0,16,0,6,0,0
B23,Yes,199,0,172,0,22,0,9,0,0
B25,Yes,78,0,0,0,3,0,33,0,0
B32,Yes,131,0,330,0,15,0,20,0,0
B33,Yes,655,42,283,0,16,0,6,0,0
B34,Yes,276,0,90,0,7,0,14,0,0
B38,Yes,53,0,100,0,8,0,13,0,0
B42,Yes,0,0,30,0,9,0,11,0,0
B44,Yes,129,0,92,0,18,0,11,0,0
B47,Yes,47,0,30,0,3,0,33,0,0
B61,Yes,381,0,308,0,12,0,17,0,0
B62,Yes,145,0,109,0,7,0,43,0,0
B63,Yes,366,0,155,77,13,0,15,0,0
B64,Yes,54,0,32,0,6,0,33,0,0
B75,Yes,149,0,0,0,11,0,36,0,0
B8,Yes,417,0,283,0,18,0,11,0,0
B9,Yes,439,0,104,0,11,0,18,0,0
B91,Yes,757,88,842,26,17,0,47,0,0
B98,Yes,77,0,103,0,22,0,9,0,0
BA13,Yes,81,0,29,0,9,0,22,0,0
BB18,Yes,400,0,364,11,9,0,11,0,0
BB9,Yes,924,0,752,0,27,0,11,0,0
BD10,Yes,12,0,10,0,11,0,9,0,0
BD13,Yes,96,0,218,0,11,0,27,0,0
BD18,Yes,18,0,33,0,11,0,18,0,0
BD2,Yes,124,0,124,0,12,0,8,0,0
BD3,Yes,492,0,368,0,17,0,12,0,0
BH10,Yes,46,0,9,3,6,0,33,0,0
BH11,Yes,24,0,33,0,7,0,29,0,0
BH18,Yes,35,15,58,3,4,0,25,0,0
BH5,Yes,55,0,52,0,3,0,67,0,0
BN25,Yes,90,10,56,7,8,0,25,0,0
BN3,Yes,292,0,622,0,21,0,19,0,0
BS10,Yes,66,0,9,0,11,0,9,0,0
BS3,Yes,151,0,206,0,12,0,8,0,0
BS5,Yes,49,0,102,0,17,0,6,0,0
CA27,Yes,21,0,16,0,2,0,50,0,0
CB7,Yes,331,0,289,0,9,0,56,0,0
CH4,Yes,82,0,65,0,11,0,9,0,0
CM0,Yes,94,0,58,0,6,0,33,0,0
CM21,Yes,95,0,22,0,5,0,20,0,0
CM24,Yes,54,0,0,0,4,0,50,0,0
CM5,Yes,39,0,11,0,6,0,50,0,0
CO13,Yes,66,0,54,0,5,0,40,0,0
CO2,Yes,147,0,96,0,17,0,29,0,0
CO8,Yes,27,0,0,0,1,0,100,0,0
CV11,Yes,204,21,0,28,15,0,13,0,0
CV12,Yes,16,0,0,0,12,0,8,0,0
CV33,Yes,161,0,0,0,4,0,50,0,0
CV7,Yes,492,0,450,0,16,0,31,0,0
DH5,Yes,102,0,83,0,12,0,33,0,0
DH8,Yes,53,0,0,0,20,0,10,0,0
DL12,Yes,177,0,29,0,9,0,11,0,0
DL9,Yes,42,0,76,0,8,0,13,0,0
DN19,Yes,122,0,0,0,3,0,33,0,0
DN35,Yes,308,0,0,0,13,0,15,0,0
DN37,Yes,144,0,0,0,10,0,20,0,0
DN39,Yes,17,0,63,0,3,0,33,0,0
DT7,Yes,8,0,51,12,3,0,33,0,0
DY1,Yes,125,0,108,0,13,0,15,0,0
DY3,Yes,402,0,217,0,12,0,8,0,0
DY5,Yes,221,0,390,0,13,0,23,0,0
EN11,Yes,180,0,146,0,12,0,17,0,0
EX10,Yes,80,33,147,44,6,0,67,0,0
EX19,Yes,0,0,22,0,4,0,50,0,0
EX24,Yes,0,0,12,18,3,0,33,0,0
EX3,Yes,71,0,145,0,2,0,100,0,0
EX35,Yes,0,0,0,0,1,0,100,0,0
EX7,Yes,94,0,62,0,6,0,67,0,0
FY8,Yes,504,0,347,20,15,0,27,0,0
GU15,Yes,41,0,52,0,12,0,8,0,0
GU17,Yes,88,0,74,0,4,0,25,0,0
GU18,Yes,48,0,43,0,2,0,50,0,0
GU25,Yes,68,0,0,0,3,0,33,0,0
GU4,Yes,116,0,108,0,6,0,17,0,0
GU5,Yes,175,0,123,0,11,0,9,0,0
GU52,Yes,259,0,332,0,9,0,22,0,0
GU9,Yes,93,0,239,0,15,0,20,0,0
HA6,Yes,33,0,28,0,14,0,7,0,0
HD6,Yes,249,0,206,0,15,0,27,0,0
HG2,Yes,111,0,136,0,13,0,23,0,0
HG4,Yes,87,0,65,0,19,0,5,0,0
HP10,Yes,24,0,106,0,7,0,29,0,0
HP27,Yes,7,0,29,0,7,0,14,0,0
HP7,Yes,29,0,0,0,8,0,13,0,0
HP8,Yes,23,0,24,0,2,0,50,0,0
HU10,Yes,172,0,156,0,6,0,50,0,0
HU12,Yes,79,0,126,0,13,0,8,0,0
HU14,Yes,52,0,62,0,3,0,67,0,0
HU15,Yes,203,0,161,0,9,0,11,0,0
HU16,Yes,124,0,57,3,5,0,20,0,0
HU17,Yes,233,10,288,0,18,0,33,0,0
HU18,Yes,12,0,20,0,4,0,50,0,0
HU19,Yes,0,0,43,0,3,0,33,0,0
HX1,Yes,298,0,187,0,10,0,10,0,0
HX2,Yes,447,0,260,0,20,0,35,0,0
HX3,Yes,384,0,372,0,22,0,45,0,0
HX4,Yes,169,0,40,0,5,0,40,0,0
HX5,Yes,43,0,42,0,6,0,33,0,0
HX6,Yes,119,0,135,0,15,0,33,0,0
HX7,Yes,235,0,241,0,11,0,55,0,0
IG7,Yes,60,0,0,30,10,0,20,0,0
IP1,Yes,68,0,10,0,18,0,6,0,0
IP17,Yes,25,0,19,0,8,0,13,0,0
IP2,Yes,59,0,46,0,12,0,17,0,0
IP21,Yes,51,0,0,0,8,0,38,0,0
IP23,Yes,9,0,8,0,6,0,17,0,0
IP25,Yes,0,0,0,0,8,0,13,0,0
IP5,Yes,220,0,224,0,5,0,20,0,0
KT10,Yes,161,0,504,0,10,0,40,0,0
KT11,Yes,0,0,0,0,10,0,10,0,0
KT18,Yes,148,0,182,0,8,0,25,0,0
KT20,Yes,147,0,277,0,10,0,10,0,0
L26,Yes,72,0,0,0,7,0,14,0,0
L6,Yes,17,0,0,0,7,0,14,0,0
LE10,Yes,116,34,108,32,20,0,5,0,0
LS24,Yes,13,0,0,0,8,0,13,0,0
M22,Yes,222,0,123,21,14,0,21,0,0
M25,Yes,205,0,202,0,15,0,13,0,0
M38,Yes,109,0,44,0,6,0,33,0,0
M4,Yes,17,0,0,0,4,0,25,0,0
ME15,Yes,145,0,0,4,18,0,6,0,0
MK14,Yes,80,0,79,0,12,0,8,0,0
MK19,Yes,44,0,104,0,8,0,38,0,0
MK6,Yes,50,0,63,0,15,0,7,0,0
NE13,Yes,128,0,87,0,6,0,33,0,0
NE18,Yes,13,0,4,0,1,0,100,0,0
NE2,Yes,131,0,117,0,8,0,25,0,0
NE21,Yes,84,0,152,0,6,0,33,0,0
NE22,Yes,58,0,70,0,9,0,11,0,0
NE23,Yes,211,0,226,24,15,0,13,0,0
NE24,Yes,181,0,177,0,11,0,9,0,0
NE26,Yes,140,0,143,0,6,0,17,0,0
NE37,Yes,98,0,106,0,8,0,13,0,0
NE4,Yes,94,0,196,0,19,0,16,0,0
NE7,Yes,210,0,51,0,4,0,25,0,0
NE71,Yes,33,0,34,0,2,0,50,0,0
NG1,Yes,37,0,24,0,4,0,25,0,0
NG23,Yes,171,0,102,0,13,0,8,0,0
NG7,Yes,136,0,37,0,19,0,21,0,0
NG8,Yes,148,0,255,0,27,0,26,0,0
NR11,Yes,0,0,0,0,14,0,7,0,0
NR15,Yes,44,0,0,0,12,0,25,0,0
NR16,Yes,0,0,0,0,10,0,20,0,0
NR17,Yes,0,0,0,0,9,0,11,0,0
NR18,Yes,49,0,0,0,9,0,22,0,0
NR35,Yes,37,0,20,0,9,0,11,0,0
NR7,Yes,0,0,0,0,13,0,15,0,0
OL14,Yes,329,0,225,0,8,0,13,0,0
PE16,Yes,0,0,30,0,3,0,67,0,0
PE30,Yes,42,0,0,0,21,0,5,0,0
PO1,Yes,158,0,108,0,11,0,27,0,0
PO6,Yes,323,0,304,18,13,0,15,0,0
RG14,Yes,192,0,261,0,20,0,20,0,0
RG18,Yes,148,0,223,0,11,0,27,0,0
RG19,Yes,89,0,60,0,7,0,29,0,0
RG23,Yes,57,0,82,0,7,0,14,0,0
RG31,Yes,168,8,271,10,15,0,20,0,0
RH3,Yes,0,0,60,0,1,0,100,0,0
RH7,Yes,103,0,193,0,4,0,75,0,0
RM19,Yes,14,0,7,0,2,0,50,0,0
RM20,Yes,58,0,21,0,1,0,100,0,0
S65,Yes,66,0,101,0,20,0,5,0,0
SG1,Yes,190,7,167,10,19,0,21,0,0
SG11,Yes,145,0,106,0,8,0,38,0,0
SG12,Yes,114,6,138,0,20,0,15,0,0
SG14,Yes,124,0,184,0,12,0,25,0,0
SG15,Yes,49,0,0,0,2,0,50,0,0
SG9,Yes,56,0,32,0,8,0,13,0,0
SL2,Yes,192,26,237,0,23,0,4,0,0
SM2,Yes,46,0,122,0,7,0,14,0,0
SN11,Yes,202,0,129,0,12,0,58,0,0
SO14,Yes,119,0,0,0,7,0,14,0,0
SO18,Yes,420,0,0,0,13,0,8,0,0
SP9,Yes,38,0,11,0,5,0,40,0,0
SR4,Yes,199,0,184,0,16,0,31,0,0
SR6,Yes,294,0,385,0,11,0,18,0,0
SR7,Yes,283,0,273,0,11,0,9,0,0
SS0,Yes,299,37,340,117,14,0,7,0,0
SS13,Yes,16,0,18,0,7,0,14,0,0
SS14,Yes,41,0,9,40,10,0,50,0,0
SY9,Yes,0,29,0,0,3,0,33,0,0
TN19,Yes,57,0,32,0,3,0,67,0,0
TN34,Yes,32,0,45,0,6,0,50,0,0
TN35,Yes,69,0,49,0,8,0,50,0,0
TN36,Yes,15,0,13,0,2,0,50,0,0
TN39,Yes,40,0,0,54,6,0,67,0,0
TN7,Yes,26,0,20,0,2,0,50,0,0
TQ11,Yes,40,0,21,0,2,0,50,0,0
TQ14,Yes,163,0,94,9,7,0,29,0,0
TQ6,Yes,0,0,39,24,4,0,50,0,0
TQ7,Yes,195,0,129,0,9,0,22,0,0
TS21,Yes,5,0,118,0,7,0,14,0,0
TW18,Yes,172,0,210,0,8,0,50,0,0
WD17,Yes,44,0,36,0,8,0,13,0,0
WD5,Yes,82,0,101,0,5,0,20,0,0
WR1,Yes,39,0,33,0,5,0,20,0,0
WR13,Yes,32,0,47,0,8,0,25,0,0
WR4,Yes,64,0,33,0,8,0,13,0,0
WR7,Yes,35,0,43,0,4,0,75,0,0
WV14,Yes,49,30,223,66,22,0,5,0,0
YO11,Yes,84,0,68,0,13,0,8,0,0
YO14,Yes,64,0,52,0,4,0,25,0,0
YO16,Yes,67,0,33,0,10,0,20,0,0
YO21,Yes,6,0,26,0,14,0,7,0,0
YO24,Yes,53,24,91,59,12,0,8,0,0
YO25,Yes,195,0,242,0,20,0,10,0,0
YO43,Yes,0,0,72,0,6,0,33,0,0
YO62,Yes,39,0,90,0,12,0,17,0,0
 M3,,12,0,0,0,1,0,0,0,0
 NW3,,0,0,0,0,1,0,0,0,0
 RG8,,0,0,0,0,1,0,0,0,0
 SW17,,0,0,0,0,1,0,0,0,0
AL1,,335,0,166,0,22,0,18,0,23
AL10,,106,8,87,10,13,18,15,0,88
AL2,,117,16,112,0,7,0,43,0,28
AL3,,313,16,275,33,18,0,50,0,260
AL4,,123,0,81,0,13,0,23,0,156
AL5,,404,0,348,0,21,0,33,0,222
AL6,,96,0,123,0,6,19,33,0,45
AL7,,98,0,161,23,13,0,15,0,35
AL8,,153,0,110,0,9,0,33,0,92
B1,,129,0,33,0,3,0,0,0,0
B10,,295,0,240,0,14,0,0,0,0
B12,,352,0,75,0,17,0,12,32,98
B14,,358,0,447,0,20,16,25,12,103
B16,,24,0,46,0,7,0,0,0,0
B18,,0,0,0,0,10,0,0,0,0
B19,,152,0,0,0,16,0,0,0,0
B24,,98,0,70,0,10,0,30,23,96
B26,,148,0,24,0,12,0,0,0,0
B27,,96,0,77,31,9,0,0,0,0
B28,,130,0,94,0,10,0,30,4,29
B29,,111,0,170,0,20,8,20,42,333
B30,,195,0,121,0,13,0,15,0,146
B31,,268,0,230,0,21,0,14,0,88
B35,,0,0,36,0,7,0,0,0,0
B36,,168,0,248,0,19,0,16,0,28
B37,,576,0,623,0,14,0,43,0,180
B4,,0,0,0,0,1,0,0,0,0
B43,,154,0,129,0,10,0,0,0,0
B45,,305,0,247,0,17,0,29,10,171
B46,,53,0,0,0,7,0,14,0,93
B48,,0,0,0,0,2,0,0,0,0
B49,,38,0,67,0,10,0,30,0,18
B5,,0,0,0,0,2,0,0,0,0
B50,,36,0,35,0,1,0,100,0,30
B6,,40,0,0,0,15,18,13,12,95
B60,,144,0,156,0,12,0,25,0,26
B65,,57,0,44,0,8,0,13,0,24
B66,,44,0,29,0,10,0,10,0,25
B67,,68,0,92,0,9,0,22,0,42
B68,,225,0,93,0,15,0,20,0,20
B69,,209,0,204,0,12,0,25,0,57
B7,,245,0,172,0,10,0,20,0,12
B70,,68,0,39,0,13,0,8,0,30
B71,,81,0,60,0,12,0,17,0,33
B72,,108,0,83,0,5,0,40,0,28
B73,,89,24,125,0,8,0,25,34,30
B74,,164,54,80,36,10,0,20,0,140
B76,,84,0,0,0,8,0,25,23,19
B77,,168,0,159,24,24,19,17,31,112
B78,,35,0,58,0,10,0,0,0,0
B79,,120,0,129,0,16,0,19,54,266
B80,,25,0,0,0,5,0,0,0,0
B90,,904,0,797,0,19,0,42,0,190
B92,,389,0,361,0,14,0,43,0,68
B93,,205,38,354,0,7,0,43,0,374
B94,,53,0,80,0,4,0,75,0,14
B95,,21,16,58,0,6,0,67,0,61
B96,,45,0,33,0,3,0,0,0,0
B97,,87,0,113,0,11,0,0,0,0
BA1,,40,0,19,0,17,0,12,0,29
BA10,,0,0,0,0,4,0,25,0,6
BA11,,36,0,36,0,20,0,10,0,24
BA12,,124,0,69,0,17,0,35,0,68
BA14,,119,0,221,0,24,0,46,0,104
BA15,,10,0,12,0,5,0,40,0,12
BA16,,72,0,45,0,7,0,43,0,43
BA2,,37,0,39,0,35,0,6,0,24
BA20,,42,0,60,0,3,0,100,0,72
BA21,,36,0,31,0,15,0,7,0,42
BA22,,106,0,23,0,11,0,18,0,48
BA3,,166,0,141,0,24,0,25,0,150
BA4,,72,0,59,0,10,0,30,0,42
BA5,,80,0,63,0,12,0,58,0,117
BA6,,18,0,19,0,9,0,33,0,64
BA7,,22,0,35,0,3,0,0,0,0
BA8,,43,0,24,0,4,0,50,0,25
BA9,,24,0,12,0,3,0,0,0,0
BB1,,592,187,460,117,35,0,17,30,117
BB10,,353,22,536,64,20,71,50,192,327
BB11,,190,8,356,52,15,25,53,87,358
BB12,,189,0,530,35,26,99,58,216,787
BB2,,874,462,750,156,38,33,21,32,422
BB3,,417,0,526,0,20,0,20,0,135
BB4,,804,18,929,40,27,0,37,0,60
BB5,,212,0,109,74,37,30,46,90,219
BB6,,137,0,0,11,7,7,43,0,79
BB7,,202,0,0,0,25,0,40,179,43
BB8,,282,0,430,41,15,0,13,0,32
BD1,,0,0,0,0,1,0,0,0,0
BD11,,125,0,45,0,2,0,50,0,22
BD12,,81,0,48,0,6,0,33,0,46
BD14,,22,0,24,0,4,0,25,6,46
BD15,,116,0,90,0,6,0,50,0,44
BD16,,271,0,155,21,13,10,31,5,92
BD17,,109,0,153,0,5,0,40,0,134
BD19,,134,0,0,0,9,0,56,28,66
BD20,,67,0,97,0,16,0,13,0,27
BD21,,230,0,114,0,10,0,30,63,129
BD22,,94,0,110,0,14,0,21,0,80
BD23,,229,0,206,0,27,0,26,0,94
BD24,,16,0,26,0,4,0,25,0,15
BD4,,53,0,15,0,17,0,12,40,111
BD5,,26,0,58,0,24,0,0,0,0
BD6,,30,0,0,0,10,0,10,0,25
BD7,,0,0,100,0,10,0,0,0,0
BD8,,31,0,192,0,20,0,5,24,127
BD9,,190,0,199,0,17,0,24,0,114
BH1,,0,0,0,0,3,0,0,0,0
BH12,,56,0,42,0,11,0,45,0,12
BH13,,0,0,0,0,1,0,0,0,0
BH14,,69,0,47,0,5,0,40,0,48
BH15,,127,27,111,29,10,0,50,0,10
BH16,,15,0,0,0,6,0,50,0,26
BH17,,54,0,84,0,10,0,30,0,23
BH19,,32,33,45,6,6,9,17,0,7
BH2,,23,0,12,0,3,0,0,0,0
BH20,,48,0,36,0,11,0,27,0,99
BH21,,110,15,68,15,26,9,15,0,5
BH22,,72,24,58,15,7,0,29,0,25
BH23,,440,53,228,116,19,103,47,0,108
BH24,,295,3,186,0,10,0,10,0,18
BH25,,103,0,208,42,8,9,25,0,50
BH3,,25,0,0,0,1,0,100,0,30
BH31,,0,0,0,0,4,0,0,0,0
BH4,,0,0,0,0,1,0,0,0,0
BH6,,0,0,49,0,4,0,25,0,12
BH7,,41,0,0,0,4,0,0,0,0
BH8,,0,0,0,0,9,0,0,0,0
BH9,,140,0,109,0,7,0,43,0,38
BL0,,234,0,291,0,10,0,30,0,35
BL1,,413,0,464,6,32,14,44,104,282
BL2,,319,0,233,8,20,0,20,0,23
BL3,,325,0,307,6,38,2,26,60,142
BL4,,265,22,288,0,21,4,33,66,110
BL5,,287,19,222,7,11,0,36,8,0
BL6,,298,0,151,6,14,0,29,0,89
BL7,,179,0,196,0,9,12,22,39,52
BL8,,309,0,120,0,20,0,45,0,151
BL9,,199,0,174,0,28,0,39,0,71
BN1,,434,0,418,0,29,0,28,28,100
BN10,,119,0,82,3,4,0,50,0,86
BN11,,68,0,64,0,10,0,10,0,60
BN12,,22,0,84,0,8,0,38,0,115
BN13,,0,0,0,0,8,0,13,0,3
BN14,,56,0,88,0,12,0,25,0,138
BN15,,0,22,0,0,9,0,11,0,60
BN16,,42,0,0,0,8,0,13,0,60
BN17,,46,0,126,0,7,0,29,0,122
BN18,,0,0,0,0,9,0,33,0,68
BN2,,430,0,158,0,27,0,30,30,0
BN20,,134,10,0,2,10,0,10,144,0
BN21,,47,0,0,0,4,0,25,0,46
BN22,,116,0,142,0,13,0,8,16,29
BN23,,134,0,56,1,9,0,44,0,26
BN24,,74,11,78,6,3,0,67,0,12
BN26,,21,0,9,0,2,0,0,0,0
BN27,,118,0,133,0,11,0,36,0,48
BN41,,217,0,157,24,9,0,56,48,65
BN42,,49,0,38,0,2,0,0,0,0
BN43,,34,0,51,0,9,0,0,0,0
BN44,,0,0,0,0,4,0,0,0,0
BN5,,0,0,0,0,1,0,100,0,31
BN6,,110,0,153,0,8,0,25,0,53
BN7,,221,7,289,9,11,0,73,0,50
BN8,,185,0,141,0,12,0,67,0,151
BN9,,29,4,67,7,6,0,33,12,48
BR1,,0,0,0,0,23,0,0,0,0
BR2,,0,0,0,0,18,0,0,0,0
BR3,,0,0,0,0,19,0,0,0,0
BR4,,0,0,0,0,8,0,0,0,0
BR5,,0,0,0,0,16,0,0,0,0
BR6,,0,0,0,0,19,0,0,0,0
BR7,,0,0,0,0,11,0,0,0,0
BR8,,73,0,63,0,11,0,18,0,36
BS1,,12,0,0,0,5,0,20,0,12
BS11,,83,23,173,0,11,0,36,0,78
BS13,,104,0,65,0,13,0,23,0,86
BS14,,85,0,87,0,11,0,0,0,0
BS15,,383,159,333,143,16,54,25,0,0
BS16,,667,0,549,15,34,0,29,25,86
BS2,,24,0,20,0,9,0,11,0,12
BS20,,391,70,240,0,10,12,50,0,214
BS21,,98,7,41,0,7,0,29,0,124
BS22,,83,101,89,0,13,36,46,0,181
BS23,,40,21,77,24,11,0,36,0,76
BS24,,35,0,108,0,11,0,36,0,125
BS25,,43,9,79,0,5,42,20,0,0
BS26,,0,0,0,0,2,0,0,0,0
BS27,,0,0,0,0,4,0,0,0,0
BS28,,0,0,0,0,2,0,50,0,3
BS29,,19,0,0,0,1,0,0,0,0
BS30,,248,0,365,0,13,73,54,25,54
BS31,,29,0,0,0,11,0,9,0,24
BS32,,144,0,148,0,12,0,58,25,114
BS34,,162,33,329,44,12,0,25,0,48
BS35,,206,16,326,0,16,0,44,25,110
BS36,,288,0,306,0,6,0,83,0,31
BS37,,306,0,170,0,20,41,20,0,33
BS39,,88,0,133,0,9,0,11,0,49
BS4,,254,0,171,0,19,0,16,0,38
BS40,,95,0,87,0,10,0,20,0,65
BS41,,106,0,108,0,3,0,0,0,0
BS48,,83,88,87,63,14,24,29,10,88
BS49,,25,0,0,0,4,0,0,0,0
BS6,,93,0,213,12,13,0,31,0,125
BS7,,427,0,368,0,15,0,27,0,42
BS8,,164,0,56,0,8,0,0,0,0
BS9,,353,11,220,0,11,0,55,0,77
CA1,,185,5,134,0,10,0,40,0,47
CA10,,267,0,170,0,15,0,47,0,80
CA11,,292,43,301,34,14,0,57,0,60
CA12,,91,15,50,30,6,0,67,0,108
CA13,,197,0,251,0,9,0,67,0,104
CA14,,378,28,316,24,21,0,33,0,95
CA15,,129,22,142,18,13,0,38,0,97
CA16,,107,0,110,0,6,0,83,0,41
CA17,,50,21,53,6,3,17,100,0,6
CA19,,0,0,6,0,1,0,100,0,9
CA2,,364,4,456,0,15,0,33,0,77
CA20,,92,0,48,0,2,0,50,0,23
CA21,,12,0,8,0,1,0,100,0,6
CA22,,101,16,74,16,5,0,60,0,34
CA23,,0,0,11,0,1,0,0,0,0
CA24,,6,0,0,0,1,0,0,0,0
CA25,,44,0,39,0,3,0,33,0,19
CA26,,0,0,26,0,5,0,20,0,9
CA28,,210,0,220,0,17,0,29,0,42
CA3,,274,0,162,0,6,0,33,0,19
CA4,,135,0,207,0,9,0,44,0,60
CA5,,75,0,89,0,9,0,56,0,53
CA6,,102,0,90,0,8,0,50,0,60
CA7,,222,43,179,30,21,0,33,0,79
CA8,,132,0,120,0,10,0,40,0,63
CA9,,27,0,0,0,3,0,0,0,0
CB1,,514,137,621,36,21,23,52,0,204
CB10,,106,0,25,0,6,0,100,0,32
CB11,,205,0,33,58,11,56,82,29,58
CB2,,123,41,329,47,16,7,44,0,224
CB21,,225,0,309,0,15,0,33,0,96
CB22,,327,0,290,0,12,0,75,0,287
CB23,,548,26,648,18,16,22,94,0,627
CB24,,582,0,514,0,18,0,44,0,302
CB25,,131,0,155,0,6,0,67,0,75
CB3,,95,0,88,0,6,0,83,0,23
CB4,,507,48,249,61,17,0,41,0,64
CB5,,31,0,31,0,4,0,50,0,18
CB6,,322,0,428,0,19,0,42,0,188
CB8,,188,0,98,0,15,0,40,0,117
CB9,,9,0,24,0,15,0,13,0,12
CH1,,65,21,62,20,13,0,23,0,38
CH2,,91,87,179,68,17,84,41,0,162
CH3,,184,78,228,36,20,0,20,0,132
CH41,,30,0,0,0,13,0,15,0,10
CH42,,15,0,0,0,8,0,13,0,12
CH43,,236,0,0,9,17,0,12,0,75
CH44,,47,0,0,31,9,0,22,0,34
CH45,,244,0,0,19,10,0,0,0,0
CH46,,56,0,0,24,11,0,9,0,5
CH47,,27,0,0,0,2,0,0,0,0
CH48,,88,0,0,0,9,0,0,0,0
CH49,,73,0,0,44,17,44,6,0,0
CH60,,79,0,0,24,4,0,0,0,0
CH61,,97,0,0,0,7,0,29,0,26
CH62,,221,0,0,0,9,0,56,0,183
CH63,,213,0,0,0,15,0,7,0,66
CH64,,139,0,59,0,7,0,14,0,15
CH65,,53,0,119,0,14,0,0,0,0
CH66,,78,0,83,0,13,0,31,0,28
CM1,,424,11,248,0,28,36,32,0,65
CM11,,74,0,73,0,7,0,29,0,72
CM12,,382,42,213,38,9,0,56,0,84
CM13,,219,24,140,23,11,22,55,0,53
CM14,,12,0,12,0,5,0,20,0,31
CM15,,214,21,228,6,17,0,29,0,33
CM16,,111,0,14,6,9,18,67,0,105
CM17,,99,0,47,0,10,0,40,0,55
CM18,,64,0,95,0,15,0,27,0,17
CM19,,68,0,60,0,7,0,71,0,13
CM2,,308,0,292,24,27,20,37,0,190
CM20,,52,0,47,0,10,0,60,0,21
CM22,,196,0,132,0,9,0,44,0,31
CM23,,369,0,259,27,22,0,32,0,37
CM3,,564,0,350,0,28,0,46,0,260
CM4,,117,0,75,0,6,0,17,0,16
CM6,,247,5,133,0,11,0,55,30,139
CM7,,202,0,141,27,18,0,39,0,99
CM77,,89,0,75,0,5,0,40,0,88
CM8,,102,20,91,0,14,0,43,0,59
CM9,,230,0,215,0,12,0,33,0,76
CO1,,110,0,65,0,4,0,100,0,60
CO10,,115,0,212,0,24,0,25,0,28
CO11,,49,0,77,0,7,0,43,0,70
CO12,,66,0,43,0,9,0,44,0,11
CO14,,50,0,41,0,2,0,100,0,32
CO15,,12,59,12,15,12,0,25,0,96
CO16,,120,0,75,0,9,0,44,0,9
CO3,,327,30,259,5,22,0,32,0,107
CO4,,298,0,376,10,21,0,29,0,29
CO5,,144,27,177,0,12,0,25,0,71
CO6,,411,0,170,0,17,0,41,0,62
CO7,,241,4,168,4,15,0,20,0,58
CO9,,86,0,130,0,17,0,29,0,21
CR0,,0,0,0,0,58,0,0,0,0
CR2,,0,0,0,0,20,0,0,0,0
CR3,,146,0,128,0,18,0,17,0,13
CR4,,0,0,0,0,24,0,0,0,0
CR5,,0,0,0,0,9,0,0,0,0
CR6,,22,0,0,0,4,0,0,0,0
CR7,,0,0,0,0,18,0,0,0,0
CR8,,0,0,0,0,15,0,0,0,0
CR9,,0,0,0,0,6,0,0,0,0
CT1,,53,0,0,36,13,0,15,0,50
CT10,,125,0,87,0,15,0,13,0,40
CT11,,100,0,115,0,11,0,18,0,45
CT12,,36,0,49,0,10,0,0,0,0
CT13,,71,0,35,0,6,0,17,0,36
CT14,,29,0,9,0,15,0,13,0,72
CT15,,59,0,0,0,11,0,27,0,72
CT16,,39,0,0,0,12,0,25,0,216
CT17,,43,0,0,0,10,0,0,0,0
CT18,,32,0,112,0,4,0,25,0,31
CT19,,69,0,0,0,16,20,6,0,0
CT2,,131,0,0,0,13,0,8,0,24
CT20,,66,0,0,0,7,0,14,0,27
CT21,,115,0,126,0,7,0,0,0,0
CT3,,178,0,44,0,13,0,62,0,205
CT4,,187,0,47,0,10,0,30,0,97
CT5,,220,0,0,27,8,0,25,0,104
CT6,,182,0,0,0,9,0,33,0,127
CT7,,45,0,40,0,4,0,0,0,0
CT8,,52,0,61,0,4,0,25,0,34
CT9,,62,0,46,6,14,0,0,0,0
CV1,,146,0,79,0,15,0,7,0,25
CV10,,433,0,10,0,23,0,17,0,113
CV13,,24,0,11,0,10,0,0,0,0
CV2,,113,0,156,0,26,0,0,0,0
CV21,,146,0,24,0,13,0,31,0,138
CV22,,139,0,0,0,24,0,13,0,74
CV23,,55,0,36,0,12,0,42,0,94
CV3,,227,0,228,0,26,0,12,0,125
CV31,,197,0,151,0,14,0,36,0,102
CV32,,152,0,54,0,13,0,15,27,91
CV34,,261,31,41,48,15,36,27,0,39
CV35,,162,0,124,0,14,0,21,0,50
CV36,,57,0,96,0,5,0,40,0,66
CV37,,189,0,123,0,21,0,10,0,18
CV4,,67,0,50,0,12,0,0,0,0
CV47,,61,0,12,0,12,0,42,0,126
CV5,,258,11,287,0,13,0,38,0,115
CV6,,197,0,308,0,32,0,3,0,49
CV8,,96,0,0,0,13,0,23,0,60
CV9,,0,0,17,0,15,0,27,0,45
CW1,,482,30,415,0,16,55,31,15,325
CW10,,155,4,136,52,6,0,50,0,188
CW11,,324,0,394,0,11,0,27,0,151
CW12,,344,27,259,21,15,53,27,5,119
CW2,,563,130,474,153,16,39,44,54,222
CW3,,118,0,102,23,6,0,17,0,26
CW4,,145,24,188,0,5,0,20,0,59
CW5,,527,9,419,9,16,0,38,0,274
CW6,,102,0,72,0,9,0,33,1,35
CW7,,137,0,155,0,14,6,21,0,0
CW8,,286,0,210,0,23,0,22,0,89
CW9,,175,17,197,0,16,26,19,0,28
DA1,,88,0,24,18,21,0,10,0,60
DA10,,0,0,0,0,4,0,0,0,0
DA11,,92,0,55,0,17,0,12,18,0
DA12,,252,0,24,0,20,0,10,0,36
DA13,,36,0,12,0,7,0,29,90,24
DA14,,0,0,0,0,9,0,0,0,0
DA15,,0,0,0,0,13,0,0,0,0
DA16,,0,0,0,0,14,0,0,0,0
DA17,,0,0,0,0,8,0,0,0,0
DA18,,0,0,0,0,4,0,0,0,0
DA2,,135,0,186,0,12,0,8,0,51
DA3,,149,0,126,0,9,0,11,18,0
DA4,,33,0,48,0,3,0,0,0,0
DA5,,0,0,0,0,5,0,0,0,0
DA6,,0,0,0,0,6,0,0,0,0
DA7,,0,0,0,0,9,0,0,0,0
DA8,,0,0,0,0,11,0,0,0,0
DA9,,0,0,0,0,2,0,0,0,0
DE1,,0,0,0,0,7,0,0,0,0
DE11,,248,0,0,0,22,0,32,54,48
DE12,,123,0,20,0,14,0,21,57,0
DE13,,416,106,437,27,22,41,59,77,671
DE14,,98,0,134,0,11,0,27,35,328
DE15,,100,0,30,0,13,0,15,16,153
DE21,,94,24,42,0,23,0,26,162,186
DE22,,321,65,382,0,21,0,29,251,283
DE23,,143,12,131,11,28,0,21,235,136
DE24,,318,24,219,12,25,0,20,5,244
DE3,,415,0,108,24,10,0,20,0,108
DE4,,125,0,0,0,28,0,25,27,40
DE45,,72,0,0,0,9,0,33,29,54
DE5,,160,0,0,0,11,0,64,52,155
DE55,,352,0,0,0,34,0,44,274,285
DE56,,229,0,0,0,19,0,58,54,178
DE6,,132,0,29,0,23,0,22,19,16
DE65,,184,0,0,0,14,0,50,151,47
DE7,,310,0,0,50,26,33,62,165,478
DE72,,143,0,0,54,10,0,30,0,260
DE73,,20,0,0,20,10,0,10,0,135
DE74,,84,0,50,12,6,0,17,0,46
DE75,,36,0,0,0,10,0,40,0,76
DH1,,536,0,609,0,26,0,27,0,211
DH2,,147,0,228,0,9,0,44,0,110
DH3,,332,0,230,0,13,0,23,0,180
DH4,,175,0,119,0,11,0,36,5,22
DH6,,122,0,143,0,14,0,21,0,117
DH7,,265,0,279,0,24,0,17,0,93
DH9,,21,0,62,0,21,0,24,0,103
DL1,,274,1,245,14,17,0,6,29,0
DL10,,105,0,86,0,11,0,27,0,60
DL11,,0,0,0,0,4,0,0,0,0
DL13,,64,0,95,0,14,0,14,0,115
DL14,,241,0,63,0,25,0,8,0,68
DL15,,316,0,99,0,13,0,31,0,34
DL16,,238,0,58,0,14,0,14,0,15
DL17,,0,0,130,0,10,0,20,0,19
DL2,,170,0,155,0,14,0,21,99,43
DL3,,300,27,297,37,19,8,16,159,0
DL4,,0,0,120,0,3,0,33,0,26
DL5,,120,0,21,0,16,0,0,0,0
DL6,,54,0,39,4,8,0,13,0,18
DL7,,116,0,122,15,13,12,8,0,38
DL8,,36,0,76,0,17,0,12,0,19
DN1,,6,0,22,0,4,0,0,0,0
DN10,,138,0,164,0,8,0,38,12,99
DN11,,138,0,149,0,13,0,15,12,58
DN12,,26,0,17,0,14,0,0,0,0
DN14,,198,0,133,0,27,0,19,0,40
DN15,,175,18,238,0,16,0,25,36,156
DN16,,224,0,189,0,17,0,18,1,154
DN17,,254,0,339,0,20,0,20,2,68
DN18,,49,0,148,0,6,0,50,1,51
DN2,,37,0,27,0,9,0,0,0,0
DN20,,165,0,142,0,10,0,50,2,96
DN21,,182,0,313,0,26,0,12,56,15
DN22,,139,0,182,0,21,0,29,24,105
DN3,,32,0,57,0,14,0,0,0,0
DN31,,30,0,0,0,3,0,0,0,0
DN32,,217,0,0,0,11,0,36,0,54
DN33,,207,0,0,0,8,0,25,0,73
DN34,,118,0,0,0,8,0,25,0,10
DN36,,143,0,43,0,13,0,15,0,103
DN38,,100,0,0,0,2,0,0,0,0
DN4,,0,0,0,0,21,0,0,0,0
DN40,,108,0,6,0,7,0,43,0,30
DN41,,96,0,0,0,4,0,50,0,44
DN5,,85,0,96,0,21,0,0,0,0
DN6,,27,0,0,0,14,0,0,0,0
DN7,,26,0,33,0,10,0,0,0,0
DN8,,0,0,0,0,6,0,0,0,0
DN9,,109,0,179,0,13,0,31,2,112
DT1,,2,0,1,0,8,0,13,0,6
DT10,,51,9,41,11,7,0,0,0,0
DT11,,62,15,85,18,21,0,10,0,25
DT2,,0,3,18,0,15,4,7,0,7
DT3,,21,0,69,21,9,0,33,0,73
DT4,,0,0,24,0,12,0,8,0,7
DT5,,0,0,0,0,2,0,0,0,0
DT6,,69,0,81,0,11,0,0,0,0
DT8,,36,0,15,0,5,0,20,0,17
DT9,,18,15,20,24,16,0,6,0,12
DY10,,220,14,268,3,14,0,43,0,53
DY11,,195,0,138,0,14,0,21,0,62
DY12,,158,0,47,0,6,0,33,0,52
DY13,,132,0,142,0,9,0,56,0,119
DY14,,58,77,76,0,6,0,67,0,13
DY2,,33,0,0,0,12,0,0,0,0
DY4,,150,0,97,0,19,0,26,0,37
DY6,,359,0,472,30,13,0,31,0,21
DY7,,0,0,0,0,4,0,0,0,0
DY8,,431,13,575,12,19,0,16,36,1
DY9,,155,0,156,0,11,0,27,0,124
E1,,0,0,0,0,41,0,0,0,0
E10,,0,0,0,0,13,0,0,0,0
E11,,0,0,0,0,12,0,0,0,0
E12,,0,0,0,0,12,0,0,0,0
E13,,0,0,0,0,16,0,0,0,0
E14,,0,0,0,0,30,0,0,0,0
E15,,0,0,0,0,20,0,0,0,0
E16,,0,0,0,0,19,0,0,0,0
E17,,0,0,0,0,39,0,0,0,0
E18,,0,0,0,0,7,0,0,0,0
E1W,,0,0,0,0,4,0,0,0,0
E2,,0,0,0,0,26,0,0,0,0
E20,,0,0,0,0,2,0,0,0,0
E3,,0,0,0,0,21,0,0,0,0
E4,,0,0,0,0,21,0,0,0,0
E5,,0,0,0,0,22,0,0,0,0
E6,,0,0,0,0,23,0,0,0,0
E7,,0,0,0,0,21,0,0,0,0
E8,,0,0,0,0,12,0,0,0,0
E9,,0,0,0,0,15,0,0,0,0
EC1M,,0,0,0,0,2,0,0,0,0
EC1N,,0,0,0,0,1,0,0,0,0
EC1R,,0,0,0,0,3,0,0,0,0
EC1V,,0,0,0,0,4,0,0,0,0
EC1Y,,0,0,0,0,1,0,0,0,0
EC2A,,0,0,0,0,2,0,0,0,0
EC2Y,,0,0,0,0,1,0,0,0,0
EC3A,,0,0,0,0,1,0,0,0,0
EC3N,,0,0,0,0,1,0,0,0,0
EC4M,,0,0,0,0,1,0,0,0,0
EC4V,,0,0,0,0,1,0,0,0,0
EN1,,0,0,0,0,17,0,0,0,0
EN10,,59,0,29,0,4,0,75,0,28
EN2,,0,0,0,0,9,0,0,0,0
EN3,,0,0,0,0,25,0,0,0,0
EN4,,0,0,0,0,14,0,0,0,0
EN5,,0,0,0,0,12,0,0,0,0
EN6,,86,0,73,0,18,0,17,0,58
EN7,,56,0,52,0,9,0,11,0,24
EN8,,62,0,141,0,16,0,0,0,0
EN9,,67,0,12,0,6,24,50,0,132
EX1,,191,0,179,0,13,0,46,0,124
EX11,,75,8,147,9,3,0,100,0,85
EX12,,39,0,80,0,3,0,100,0,41
EX13,,141,0,84,0,10,0,60,0,22
EX14,,226,0,187,30,10,0,90,7,105
EX15,,175,17,237,0,12,0,58,0,132
EX16,,447,0,288,17,20,24,75,0,85
EX17,,281,0,203,0,12,0,58,0,101
EX18,,48,0,32,0,2,0,0,0,0
EX2,,173,100,272,48,21,39,43,1,102
EX20,,45,0,12,0,13,0,54,1,197
EX21,,32,0,45,0,6,0,100,0,23
EX22,,30,0,0,0,8,0,75,10,39
EX23,,103,0,0,0,9,0,56,0,102
EX31,,81,42,90,52,15,110,40,0,43
EX32,,207,0,118,0,16,0,19,0,40
EX33,,95,0,138,55,5,0,80,0,14
EX34,,51,0,59,0,7,0,29,0,24
EX36,,110,0,57,23,6,0,50,0,85
EX37,,0,0,14,0,4,0,100,0,17
EX38,,31,58,59,28,4,6,50,0,30
EX39,,282,0,305,18,16,0,63,2,159
EX4,,327,0,163,0,18,26,28,100,131
EX5,,320,4,294,0,15,0,73,3,133
EX6,,68,0,112,0,11,0,64,0,63
EX8,,409,7,384,0,12,0,58,0,84
EX9,,0,0,42,0,4,0,50,0,42
FY1,,70,0,57,0,6,0,83,0,59
FY2,,96,0,88,0,8,0,75,32,21
FY3,,221,6,249,0,13,0,46,70,106
FY4,,242,0,175,14,16,0,56,78,126
FY5,,228,0,283,9,13,0,38,0,88
FY6,,111,0,258,0,16,0,13,0,82
FY7,,173,0,118,0,10,0,0,0,0
GL1,,225,37,180,45,17,0,29,0,67
GL10,,93,0,156,0,11,0,64,0,42
GL11,,117,11,112,0,10,0,60,0,66
GL12,,156,0,138,0,9,0,67,0,61
GL13,,38,0,25,0,5,0,40,0,12
GL14,,46,0,41,0,8,0,38,0,39
GL15,,103,0,146,0,13,0,46,0,69
GL16,,103,0,99,0,9,0,33,0,25
GL17,,80,0,70,0,7,0,71,0,34
GL18,,52,0,0,0,5,0,60,0,26
GL19,,92,0,111,0,10,0,60,0,39
GL2,,424,106,381,35,26,31,54,0,286
GL20,,162,37,138,11,19,0,42,0,55
GL3,,159,21,249,38,16,18,38,0,24
GL4,,291,15,290,64,21,0,43,0,176
GL5,,192,0,181,0,19,0,47,0,60
GL50,,26,0,75,0,7,0,0,0,0
GL51,,114,73,192,42,22,0,14,0,111
GL52,,259,0,238,9,17,6,47,0,123
GL53,,168,55,188,53,9,28,56,0,146
GL54,,121,36,108,16,16,0,69,0,109
GL55,,84,0,57,0,4,0,50,0,15
GL56,,90,0,47,0,4,0,50,0,41
GL6,,154,0,198,0,18,0,39,0,99
GL7,,251,55,272,43,27,0,70,0,168
GL8,,102,0,93,0,5,0,40,0,27
GL9,,59,0,0,0,2,0,100,0,9
GU1,,179,0,178,0,16,0,19,0,71
GU10,,74,0,86,0,12,0,8,0,32
GU11,,273,0,212,0,10,0,40,0,81
GU12,,125,18,93,0,7,0,71,0,133
GU14,,514,0,273,0,28,0,14,0,57
GU16,,160,0,247,0,10,0,30,0,42
GU19,,107,0,110,0,3,0,0,0,0
GU2,,178,0,184,0,12,0,17,0,70
GU20,,0,0,0,0,2,0,0,0,0
GU21,,363,0,339,0,19,0,32,0,60
GU22,,230,0,522,0,13,0,23,0,60
GU23,,74,0,44,0,2,0,0,0,0
GU24,,150,0,89,0,10,0,50,0,79
GU26,,90,0,108,0,6,0,17,0,20
GU27,,170,0,237,0,9,0,33,0,52
GU28,,0,0,0,0,5,0,20,0,9
GU29,,0,0,27,0,5,0,20,0,40
GU3,,0,0,0,0,4,0,0,0,0
GU30,,85,24,86,0,5,0,20,0,90
GU31,,70,1,45,0,6,0,33,0,17
GU32,,107,0,102,0,9,0,22,0,29
GU33,,99,0,95,0,5,0,40,0,92
GU34,,199,33,315,32,19,0,42,0,113
GU35,,51,0,68,4,8,0,13,0,29
GU46,,171,0,144,0,8,0,50,0,155
GU47,,117,0,117,0,7,0,14,0,6
GU51,,126,0,89,0,4,0,0,0,0
GU6,,109,0,108,0,9,0,11,0,49
GU7,,264,0,280,0,15,0,20,0,123
GU8,,169,0,319,0,11,0,18,0,12
HA0,,0,0,0,0,10,0,0,0,0
HA1,,0,0,0,0,14,0,0,0,0
HA2,,0,0,0,0,16,0,0,0,0
HA3,,0,0,0,0,26,0,0,0,0
HA4,,0,0,0,0,18,0,0,0,0
HA5,,0,0,0,0,16,0,0,0,0
HA7,,0,0,0,0,8,0,0,0,0
HA8,,0,0,0,0,24,0,0,0,0
HA9,,0,0,0,0,17,0,0,0,0
HD1,,164,0,0,0,7,0,43,71,112
HD2,,182,0,0,42,9,8,33,87,88
HD3,,112,0,0,9,8,0,38,0,183
HD4,,195,0,0,40,14,45,79,32,274
HD5,,430,0,0,0,12,10,83,0,296
HD7,,198,0,0,12,13,0,54,36,146
HD8,,356,0,0,0,19,24,89,158,381
HD9,,126,0,0,9,17,67,41,54,232
HG1,,111,0,214,0,13,0,15,0,56
HG3,,16,0,46,0,25,0,8,0,15
HG5,,28,8,43,0,9,0,22,0,52
HP1,,256,0,220,0,18,0,17,0,26
HP11,,0,9,31,0,11,24,27,0,47
HP12,,43,0,48,0,9,0,22,0,46
HP13,,55,0,44,0,13,0,15,0,12
HP14,,78,0,167,0,10,0,40,0,30
HP15,,157,0,230,0,11,0,55,52,128
HP16,,90,0,72,0,7,0,43,0,74
HP17,,39,0,0,0,6,0,33,30,0
HP18,,111,0,47,0,12,0,42,0,30
HP19,,28,0,0,0,8,0,0,0,0
HP2,,35,0,74,0,18,0,11,0,52
HP20,,22,0,40,0,5,0,0,0,0
HP21,,96,20,92,0,17,0,24,0,84
HP22,,117,9,233,0,13,0,46,0,120
HP23,,73,0,98,0,10,0,30,0,59
HP3,,160,0,144,0,14,0,0,0,0
HP4,,274,13,67,12,15,10,27,0,75
HP5,,98,2,119,0,13,0,23,0,24
HP6,,104,0,102,0,12,0,33,0,52
HP9,,148,0,180,0,10,0,50,0,72
HR1,,185,11,215,0,23,0,0,0,0
HR2,,116,12,210,0,20,0,0,0,0
HR3,,0,0,25,0,3,0,0,0,0
HR4,,241,0,368,0,14,0,0,0,0
HR5,,0,0,0,0,2,0,0,0,0
HR6,,103,0,181,0,14,0,0,0,0
HR7,,25,0,31,0,5,0,0,0,0
HR8,,57,0,92,0,9,0,0,0,0
HR9,,57,0,138,0,13,0,0,0,0
HU1,,0,0,0,0,2,0,0,0,0
HU11,,23,0,22,0,6,0,0,0,0
HU13,,24,0,11,0,4,0,0,0,0
HU2,,0,0,0,0,4,0,25,0,26
HU20,,11,0,0,0,1,0,0,0,0
HU3,,368,0,99,0,12,0,42,44,98
HU4,,181,0,127,74,10,20,70,130,300
HU5,,572,0,243,0,13,0,31,12,282
HU6,,346,94,111,69,16,20,25,0,39
HU7,,792,0,178,0,19,0,37,10,371
HU8,,402,0,269,0,12,0,33,75,349
HU9,,271,5,59,0,18,0,22,112,108
IG1,,0,0,0,0,17,0,0,0,0
IG10,,60,0,0,6,14,24,50,35,180
IG11,,0,0,0,0,20,0,0,0,0
IG2,,0,0,0,0,7,0,0,0,0
IG3,,0,0,0,0,11,0,0,0,0
IG4,,0,0,0,0,4,0,0,0,0
IG5,,0,0,0,0,5,0,0,0,0
IG6,,0,0,0,0,12,0,0,0,0
IG8,,0,0,0,0,17,0,0,0,0
IG9,,12,0,0,0,5,6,60,0,95
IP10,,0,0,22,0,3,0,0,0,0
IP11,,107,0,127,0,11,0,9,0,24
IP12,,235,0,132,48,14,0,57,0,30
IP13,,86,0,45,0,13,0,38,0,12
IP14,,77,0,34,0,22,0,14,0,21
IP15,,0,0,0,0,1,0,0,0,0
IP16,,0,0,18,0,3,0,0,0,0
IP18,,0,0,0,0,3,0,0,0,0
IP19,,31,0,0,0,5,0,20,0,12
IP20,,5,0,0,0,4,0,50,0,30
IP22,,60,0,45,0,14,0,21,12,29
IP24,,22,0,0,0,15,0,0,0,0
IP26,,0,0,0,0,6,0,0,0,0
IP27,,53,0,0,0,5,0,40,0,84
IP28,,68,0,8,0,11,0,36,0,144
IP29,,0,0,50,0,4,0,75,0,59
IP3,,24,0,0,0,11,0,0,0,0
IP30,,32,0,35,0,6,0,17,0,19
IP31,,129,0,24,0,11,0,45,0,43
IP32,,0,0,53,0,10,0,20,0,53
IP33,,44,0,99,2,12,0,50,0,21
IP4,,160,0,129,24,14,15,29,0,73
IP6,,20,0,21,0,7,0,0,0,0
IP7,,70,0,58,0,12,0,50,0,61
IP8,,65,0,0,0,8,0,13,0,12
IP9,,36,0,79,0,10,0,30,0,49
KT1,,0,0,0,0,6,0,0,0,0
KT12,,404,0,245,0,11,0,45,0,102
KT13,,179,0,183,0,7,0,57,0,113
KT14,,136,0,138,0,5,0,60,0,44
KT15,,288,0,189,0,12,0,25,0,41
KT16,,62,0,0,0,11,0,27,0,38
KT17,,178,0,178,0,10,0,40,0,154
KT19,,337,0,252,0,11,0,45,0,156
KT2,,0,0,0,0,19,0,0,0,0
KT21,,253,0,357,0,6,0,33,0,110
KT22,,278,0,364,0,14,0,21,0,80
KT23,,282,0,20,0,5,0,60,0,107
KT24,,84,0,113,0,5,0,40,0,91
KT3,,0,0,0,0,14,0,0,0,0
KT4,,15,0,0,0,8,0,13,0,21
KT5,,0,0,0,0,4,0,0,0,0
KT6,,0,0,0,0,14,0,0,0,0
KT7,,381,0,181,0,6,0,50,0,106
KT8,,251,0,177,0,7,0,29,0,78
KT9,,0,0,0,0,7,0,0,0,0
L1,,0,0,0,0,5,0,0,0,0
L10,,116,0,0,0,5,0,0,0,0
L11,,151,0,0,0,11,0,18,0,30
L12,,210,0,0,11,14,43,36,0,125
L13,,135,0,0,36,13,0,23,0,39
L14,,33,0,0,0,9,0,11,0,7
L15,,174,0,0,45,14,0,14,0,32
L16,,54,0,0,0,4,0,25,0,55
L17,,128,0,0,0,9,0,0,0,0
L18,,276,0,0,46,9,0,0,0,0
L19,,123,0,0,0,9,0,0,0,0
L20,,124,0,0,0,12,0,8,0,45
L21,,87,0,0,0,11,0,18,0,28
L22,,70,0,0,0,3,0,0,0,0
L23,,208,0,0,60,20,22,5,0,22
L24,,60,0,17,0,5,0,0,0,0
L25,,202,0,0,0,14,0,21,0,119
L27,,22,0,0,0,3,0,0,0,0
L28,,0,0,0,0,4,0,0,0,0
L3,,9,0,0,0,3,0,0,0,0
L30,,93,0,0,19,9,0,22,0,44
L31,,205,0,0,0,15,0,13,0,57
L32,,79,0,0,0,9,0,0,0,0
L33,,28,0,0,0,6,0,0,0,0
L34,,101,0,0,0,7,0,43,0,52
L35,,144,0,0,24,13,0,15,0,28
L36,,120,0,0,158,17,0,12,0,63
L37,,212,0,0,66,9,0,33,0,169
L39,,220,0,36,0,16,0,31,0,173
L4,,216,0,0,53,13,0,8,0,5
L40,,192,0,0,0,18,0,28,0,117
L5,,166,0,0,0,9,0,11,0,12
L69,,0,0,0,0,1,0,0,0,0
L7,,93,0,0,16,10,0,0,0,0
L8,,107,0,0,45,15,0,13,0,30
L9,,145,0,0,0,12,0,0,0,0
LA1,,514,60,530,41,23,30,26,60,222
LA10,,34,0,21,0,4,0,25,0,22
LA11,,68,28,99,23,10,0,40,0,62
LA12,,249,49,184,0,12,0,42,0,97
LA13,,268,0,202,0,12,0,25,0,18
LA14,,328,0,339,0,21,0,43,0,203
LA15,,91,17,93,47,5,0,20,0,9
LA16,,29,0,30,0,2,0,0,0,0
LA17,,14,0,0,0,1,0,100,0,12
LA18,,118,0,123,0,7,0,29,0,18
LA19,,20,0,22,0,2,0,0,0,0
LA2,,368,0,324,39,20,8,30,0,62
LA20,,26,0,18,0,1,0,100,0,25
LA21,,21,0,19,0,2,0,0,0,0
LA22,,38,0,50,0,4,0,50,0,9
LA23,,38,0,75,0,5,0,40,0,77
LA3,,316,9,393,30,10,0,30,0,60
LA4,,490,0,454,0,8,0,38,0,292
LA5,,276,0,299,14,11,0,55,0,170
LA6,,170,0,213,0,13,0,31,0,31
LA7,,82,0,60,0,5,0,20,0,50
LA8,,66,0,90,0,8,0,63,0,36
LA9,,501,13,382,12,16,0,31,0,76
LE1,,0,0,0,0,3,0,0,0,0
LE11,,79,6,163,0,27,0,11,0,48
LE12,,386,0,251,0,31,0,13,0,133
LE13,,42,0,84,0,10,0,10,0,22
LE14,,11,0,11,0,14,0,0,0,0
LE15,,233,74,255,69,25,17,44,0,149
LE16,,238,0,154,0,18,35,44,0,154
LE17,,0,0,0,10,13,0,15,0,36
LE18,,94,0,105,0,15,0,7,0,22
LE19,,83,0,127,0,6,0,33,0,65
LE2,,461,0,404,0,39,0,10,0,158
LE3,,594,0,617,3,33,0,12,0,286
LE4,,689,0,730,0,36,0,25,0,155
LE5,,588,0,513,0,42,0,5,0,79
LE6,,30,0,141,0,6,0,17,0,25
LE65,,22,0,68,0,9,0,11,0,11
LE67,,120,24,276,0,30,0,7,0,7
LE7,,67,0,159,0,22,0,14,0,61
LE8,,71,8,147,0,14,0,0,0,0
LE9,,125,0,136,0,26,0,4,0,21
LN1,,111,0,177,0,13,0,31,0,101
LN10,,73,0,65,0,4,0,25,0,20
LN11,,150,0,191,0,18,0,0,0,0
LN12,,0,0,21,0,4,0,0,0,0
LN13,,28,0,57,0,6,0,0,0,0
LN2,,186,0,295,0,19,0,21,38,154
LN3,,30,0,48,0,5,0,40,0,35
LN4,,344,0,141,11,20,0,30,0,127
LN5,,74,9,275,9,17,0,35,24,97
LN6,,500,0,531,34,33,0,27,0,211
LN7,,71,0,56,0,5,0,20,0,35
LN8,,167,0,11,0,10,0,30,0,40
LN9,,65,0,12,0,6,0,17,0,9
LS10,,224,12,266,0,18,0,44,103,377
LS11,,334,0,247,0,16,0,19,75,26
LS12,,155,0,145,0,15,0,20,97,54
LS13,,136,2,105,0,12,0,17,0,53
LS14,,142,0,223,0,14,0,21,56,103
LS15,,195,124,310,0,13,0,23,72,90
LS16,,442,13,364,7,16,0,44,74,275
LS17,,805,25,451,21,22,110,36,21,405
LS18,,207,30,239,26,9,0,22,1,92
LS19,,209,48,229,94,8,0,25,0,87
LS2,,65,8,60,10,1,0,100,9,60
LS20,,96,0,175,0,5,0,20,0,45
LS21,,168,51,158,0,8,0,50,5,114
LS22,,85,0,153,0,7,0,29,0,56
LS23,,111,0,96,19,8,0,25,0,52
LS25,,273,57,243,132,17,0,47,30,151
LS26,,192,16,225,0,11,0,36,49,122
LS27,,340,19,386,0,12,0,33,53,168
LS28,,395,10,387,0,18,0,28,138,177
LS29,,160,42,76,40,13,0,23,0,30
LS3,,47,0,30,0,1,0,0,0,0
LS4,,82,0,83,0,4,0,50,13,57
LS5,,0,0,61,0,2,0,0,0,0
LS6,,94,0,123,0,9,0,22,1,61
LS7,,153,0,191,0,10,0,20,72,73
LS8,,521,98,430,162,12,0,25,160,36
LS9,,364,0,328,0,17,0,18,210,0
LU1,,120,0,229,0,24,0,8,0,84
LU2,,145,0,273,12,19,0,21,0,75
LU3,,85,0,66,0,23,0,13,116,108
LU4,,231,0,58,0,21,0,14,0,77
LU5,,325,0,410,2,22,0,27,0,84
LU6,,258,0,400,0,15,0,40,0,92
LU7,,1027,0,26,133,26,35,62,90,586
M11,,236,0,218,40,13,0,54,0,44
M12,,111,0,194,0,12,0,25,0,52
M13,,177,53,122,9,10,0,20,0,58
M14,,351,0,267,39,12,0,67,0,75
M15,,119,0,12,0,8,0,13,0,285
M16,,283,0,102,138,16,0,31,55,166
M18,,35,0,187,122,10,0,0,0,0
M19,,263,0,146,0,11,0,18,0,27
M2,,0,0,0,0,1,0,0,0,0
M20,,309,680,340,78,18,0,28,0,89
M21,,246,28,203,0,14,0,21,0,63
M23,,249,85,206,15,13,0,31,30,81
M24,,324,0,115,24,21,30,14,0,48
M26,,105,0,244,0,13,0,31,0,108
M27,,259,0,216,0,18,0,22,0,34
M28,,287,0,238,0,17,0,35,118,54
M29,,104,0,48,0,9,0,33,0,60
M3,,0,0,0,0,3,0,0,0,0
M30,,154,0,181,0,21,0,19,0,112
M31,,76,0,43,0,5,0,0,0,0
M32,,101,0,143,0,13,0,8,0,56
M33,,528,0,620,0,24,0,4,0,22
M34,,266,0,204,0,19,0,32,0,229
M35,,160,6,331,8,11,0,27,64,150
M40,,274,321,237,216,21,0,10,0,61
M41,,148,0,351,0,20,0,0,0,0
M43,,81,0,122,0,9,0,0,0,0
M44,,60,0,179,0,9,0,22,0,64
M45,,181,0,233,0,10,0,20,45,73
M46,,114,0,180,0,11,0,9,0,28
M5,,26,0,12,0,6,0,0,0,0
M50,,0,0,0,0,2,0,0,0,0
M6,,14,0,10,0,13,0,0,0,0
M7,,40,0,101,0,34,0,0,0,0
M8,,304,0,158,60,15,0,20,186,62
M9,,366,0,286,14,19,0,32,37,65
ME1,,53,0,70,0,18,0,6,0,31
ME10,,87,0,32,0,21,0,29,186,44
ME11,,0,0,0,0,1,0,0,0,0
ME12,,166,0,85,0,11,0,0,0,0
ME13,,244,0,38,0,15,0,53,0,229
ME14,,182,0,0,16,12,0,42,88,149
ME16,,106,0,16,30,17,0,6,0,15
ME17,,85,0,11,24,15,0,27,0,84
ME18,,81,0,8,0,4,0,25,0,24
ME19,,242,0,210,0,13,0,0,0,0
ME2,,125,0,129,0,19,0,21,0,49
ME20,,127,10,141,0,9,0,22,0,58
ME3,,138,0,113,0,12,0,50,60,36
ME4,,78,0,70,0,16,0,6,0,16
ME5,,139,0,115,0,18,0,33,0,64
ME6,,32,0,34,0,4,0,50,0,50
ME7,,127,0,130,0,17,0,24,0,20
ME8,,152,0,146,0,18,0,28,0,82
ME9,,182,0,85,0,16,0,50,0,166
MK10,,245,12,230,0,7,0,43,3,156
MK11,,37,0,36,0,3,0,0,0,0
MK12,,43,17,225,0,7,0,0,0,0
MK13,,51,0,64,0,7,0,0,0,0
MK15,,0,0,0,0,1,0,0,0,0
MK16,,133,7,121,5,8,0,13,4,60
MK17,,208,0,176,27,16,25,25,10,92
MK18,,141,0,408,12,21,0,29,0,41
MK2,,0,0,23,0,7,0,14,0,24
MK3,,183,6,136,4,14,0,14,0,37
MK4,,214,0,86,11,6,0,0,0,0
MK40,,51,0,141,0,13,0,38,0,115
MK41,,417,29,373,56,18,0,39,0,65
MK42,,239,17,198,11,25,0,40,0,91
MK43,,200,12,229,12,20,0,30,5,61
MK44,,64,0,135,0,14,0,64,15,162
MK45,,333,0,0,0,23,0,52,35,169
MK46,,31,0,35,0,3,0,0,0,0
MK5,,133,0,139,3,8,0,13,2,30
MK7,,47,0,41,0,6,0,0,0,0
MK8,,44,8,41,0,8,0,38,0,39
MK9,,0,0,0,0,1,0,0,0,0
N1,,0,0,0,0,38,0,0,0,0
N10,,0,0,0,0,13,0,0,0,0
N11,,0,0,0,0,14,0,0,0,0
N12,,0,0,0,0,13,0,0,0,0
N13,,0,0,0,0,7,0,0,0,0
N14,,0,0,0,0,17,0,0,0,0
N15,,0,0,0,0,18,0,0,0,0
N16,,0,0,0,0,42,0,0,0,0
N17,,0,0,0,0,27,0,0,0,0
N18,,0,0,0,0,7,0,0,0,0
N19,,0,0,0,0,10,0,0,0,0
N1C,,0,0,0,0,3,0,0,0,0
N2,,0,0,0,0,8,0,0,0,0
N20,,0,0,0,0,10,0,0,0,0
N21,,0,0,0,0,9,0,0,0,0
N22,,0,0,0,0,17,0,0,0,0
N3,,0,0,0,0,11,0,0,0,0
N4,,0,0,0,0,13,0,0,0,0
N5,,0,0,0,0,9,0,0,0,0
N6,,0,0,0,0,8,0,0,0,0
N7,,0,0,0,0,14,0,0,0,0
N8,,0,0,0,0,16,0,0,0,0
N9,,0,0,0,0,18,0,0,0,0
NE1,,0,0,0,0,1,0,0,0,0
NE10,,543,0,505,0,18,0,44,0,126
NE11,,82,0,130,28,6,0,0,0,0
NE12,,201,0,270,0,16,0,25,0,124
NE15,,308,0,184,0,18,0,28,20,0
NE16,,398,10,310,0,11,0,45,0,162
NE17,,0,0,0,0,1,0,0,0,0
NE19,,0,0,0,0,1,0,0,0,0
NE20,,0,0,0,0,6,0,0,0,0
NE25,,453,0,423,37,17,0,29,0,134
NE27,,47,0,0,0,5,0,20,0,19
NE28,,288,0,300,18,17,0,41,0,167
NE29,,324,0,281,36,13,0,54,0,129
NE3,,367,9,627,11,23,0,52,30,73
NE30,,143,0,118,0,9,0,33,0,78
NE31,,307,0,351,0,10,0,20,0,101
NE32,,342,0,420,0,14,0,43,0,189
NE33,,340,0,290,0,8,0,38,0,131
NE34,,754,0,864,0,19,0,32,0,284
NE35,,51,0,69,0,3,0,33,0,29
NE36,,119,0,230,0,4,0,25,0,55
NE38,,191,0,159,112,16,0,38,5,23
NE39,,118,0,130,0,4,0,25,0,34
NE40,,224,0,218,0,7,0,43,0,60
NE41,,0,0,0,0,1,0,0,0,0
NE42,,17,0,9,0,8,0,13,0,56
NE43,,0,0,0,0,3,0,0,0,0
NE44,,0,0,0,0,1,0,0,0,0
NE45,,57,0,50,0,2,0,0,0,0
NE46,,23,0,0,0,10,7,10,0,31
NE47,,31,0,27,0,8,0,0,0,0
NE48,,12,9,44,0,6,0,0,0,0
NE49,,0,0,0,0,1,0,100,0,17
NE5,,401,0,460,0,17,0,18,0,6
NE6,,414,0,360,0,17,0,29,40,0
NE61,,23,0,115,0,20,0,10,101,0
NE62,,53,0,129,0,5,0,60,0,82
NE63,,34,0,133,0,10,0,10,0,23
NE65,,51,0,21,0,12,0,0,0,0
NE66,,93,0,144,9,11,0,0,0,0
NE67,,0,0,0,0,1,0,0,0,0
NE68,,0,0,11,0,1,0,0,0,0
NE70,,0,0,0,0,1,0,0,0,0
NE8,,164,0,182,0,18,0,11,0,82
NE9,,457,0,363,0,17,0,35,0,246
NG10,,363,0,0,53,19,33,32,0,219
NG11,,127,0,34,0,14,0,29,12,60
NG12,,270,0,270,0,17,12,29,0,123
NG13,,246,3,130,0,12,0,33,0,132
NG14,,175,0,61,0,10,0,40,48,108
NG15,,117,6,216,4,16,6,44,24,168
NG16,,237,4,162,0,33,0,45,303,420
NG17,,357,0,128,0,30,0,13,0,162
NG18,,223,0,175,0,15,12,33,120,150
NG19,,361,0,213,0,27,12,22,48,279
NG2,,346,29,479,71,21,0,29,0,168
NG20,,63,10,46,0,17,0,29,84,41
NG21,,208,0,245,0,10,0,40,48,102
NG22,,265,0,118,0,16,36,25,60,81
NG24,,309,4,594,25,19,0,26,0,198
NG25,,75,0,126,24,4,0,25,0,60
NG3,,182,0,94,0,18,0,39,9,78
NG31,,133,26,223,49,27,21,26,0,151
NG32,,265,0,21,0,9,0,33,0,48
NG33,,24,0,12,0,9,0,33,0,38
NG34,,282,0,228,12,19,0,21,0,81
NG4,,202,0,217,11,19,0,26,24,216
NG5,,307,0,121,2,39,0,23,24,183
NG6,,114,0,187,0,14,0,36,30,0
NG9,,499,0,71,15,26,0,35,12,240
NN1,,35,0,19,7,11,0,36,0,71
NN10,,138,0,58,0,14,0,36,0,67
NN11,,271,0,239,0,19,0,68,0,146
NN12,,233,0,240,0,18,0,50,0,55
NN13,,112,0,208,0,12,0,42,0,73
NN14,,400,0,198,0,23,0,48,0,176
NN15,,308,0,292,0,20,0,20,0,47
NN16,,162,0,161,0,9,0,22,0,24
NN17,,82,15,58,0,13,9,23,14,22
NN18,,88,13,137,0,15,0,13,0,23
NN2,,41,0,46,0,19,0,21,0,40
NN29,,53,0,0,0,6,0,83,0,73
NN3,,348,22,401,27,31,0,23,0,70
NN4,,248,27,297,0,18,0,39,0,149
NN5,,255,0,131,12,14,0,43,0,66
NN6,,410,0,382,0,26,0,46,0,135
NN7,,361,0,508,0,22,0,55,0,105
NN8,,0,0,36,0,23,0,22,0,75
NN9,,134,0,92,8,11,0,55,9,19
NP16,,36,0,35,0,4,0,25,0,56
NP25,,8,0,9,0,1,0,100,0,4
NR1,,0,0,0,0,11,6,36,24,12
NR10,,13,0,0,0,13,0,15,0,24
NR12,,0,0,0,0,17,0,6,0,28
NR13,,0,0,0,0,13,0,8,0,24
NR14,,52,0,0,0,15,0,33,0,107
NR19,,102,0,0,0,11,0,27,25,96
NR2,,132,0,0,24,13,36,31,24,158
NR20,,12,0,0,0,9,0,33,0,60
NR21,,0,0,0,0,10,0,0,0,0
NR22,,0,0,0,0,1,0,0,0,0
NR23,,0,0,0,0,2,0,0,0,0
NR24,,0,0,0,0,1,36,100,0,0
NR25,,0,0,0,0,4,0,25,0,5
NR26,,0,0,0,0,3,0,0,0,0
NR27,,0,0,0,0,8,0,0,0,0
NR28,,0,0,0,0,5,0,0,0,0
NR29,,32,0,0,0,11,0,36,36,24
NR3,,0,0,0,0,10,0,0,0,0
NR30,,9,0,0,0,11,0,9,0,11
NR31,,107,0,0,0,20,0,35,0,9
NR32,,0,0,20,18,17,0,6,0,9
NR33,,99,0,101,0,14,0,21,0,10
NR34,,74,0,48,0,14,0,43,0,78
NR4,,229,0,0,72,11,0,36,48,121
NR5,,65,0,0,0,12,0,42,10,96
NR6,,0,0,0,0,12,0,17,30,48
NR8,,114,0,0,0,9,48,56,90,72
NR9,,143,0,0,42,12,14,50,0,111
NW1,,0,0,0,0,23,0,0,0,0
NW10,,0,0,0,0,32,0,0,0,0
NW11,,0,0,0,0,15,0,0,0,0
NW2,,0,0,0,0,20,0,0,0,0
NW3,,0,0,0,0,38,0,0,0,0
NW4,,0,0,0,0,18,0,0,0,0
NW5,,0,0,0,0,14,0,0,0,0
NW6,,0,0,0,0,28,0,0,0,0
NW7,,0,0,0,0,18,0,0,0,0
NW8,,0,0,0,0,13,0,0,0,0
NW9,,0,0,0,0,23,0,0,0,0
OL1,,297,0,291,0,12,0,42,48,210
OL10,,177,0,111,45,11,0,45,0,123
OL11,,513,0,343,0,17,0,18,100,44
OL12,,372,0,676,0,28,0,14,57,121
OL13,,312,12,268,64,10,0,30,0,120
OL15,,168,0,87,0,5,0,40,0,40
OL16,,266,0,221,20,17,0,29,27,214
OL2,,767,0,684,0,21,0,29,92,60
OL3,,346,0,331,0,9,0,44,76,97
OL4,,422,0,431,0,19,0,5,30,0
OL5,,122,0,139,0,6,0,50,0,75
OL6,,81,0,80,0,19,0,16,0,102
OL7,,107,0,29,0,6,0,33,0,85
OL8,,456,20,672,0,22,28,32,178,238
OL9,,946,35,1093,10,22,34,32,213,383
OX1,,87,0,100,0,11,0,0,0,0
OX10,,119,0,84,31,16,14,31,0,177
OX11,,214,0,120,132,18,100,44,0,233
OX12,,11,0,0,0,13,0,0,0,0
OX13,,38,0,0,0,9,0,11,0,27
OX14,,99,18,83,17,25,0,4,0,7
OX15,,90,0,13,0,15,0,13,0,57
OX16,,104,2,3,0,21,0,10,0,30
OX17,,59,0,116,7,11,0,55,0,100
OX18,,144,0,0,25,13,32,31,0,59
OX2,,73,0,77,0,20,0,0,0,0
OX20,,38,0,0,0,4,9,50,0,41
OX25,,50,0,0,0,3,0,0,0,0
OX26,,34,1,7,6,17,0,12,0,15
OX27,,59,0,10,0,4,0,25,0,10
OX28,,155,0,0,44,12,6,58,0,89
OX29,,69,0,13,11,17,0,29,0,105
OX3,,212,0,12,0,22,0,23,0,114
OX33,,19,0,0,0,6,0,33,0,20
OX39,,0,0,0,0,2,0,0,0,0
OX4,,170,0,32,0,26,0,23,15,192
OX44,,31,0,24,0,6,0,0,0,0
OX49,,10,0,0,0,4,0,0,0,0
OX5,,72,0,23,0,12,0,42,0,123
OX7,,118,0,28,0,17,0,35,0,63
OX9,,77,0,0,0,5,18,20,0,18
PE1,,150,8,209,3,22,0,32,0,22
PE10,,272,0,100,0,10,36,30,0,119
PE11,,256,0,350,0,24,0,25,7,97
PE12,,199,27,94,12,21,0,24,40,74
PE13,,106,0,163,0,22,0,27,0,31
PE14,,95,0,43,0,17,0,18,0,42
PE15,,247,0,222,0,9,0,67,0,139
PE19,,477,9,553,15,21,0,62,0,219
PE2,,181,8,225,0,20,0,55,0,171
PE20,,41,0,0,0,5,0,0,0,0
PE21,,129,0,290,38,19,0,5,0,40
PE22,,148,0,174,0,12,0,33,0,83
PE23,,12,0,53,0,8,0,0,0,0
PE24,,58,0,57,0,4,0,25,0,55
PE25,,128,0,9,0,9,0,33,0,106
PE26,,73,0,80,0,6,0,67,0,90
PE27,,257,24,368,0,6,0,50,0,72
PE28,,449,0,584,0,22,0,64,0,150
PE29,,111,0,243,0,14,0,36,0,75
PE3,,154,0,149,0,14,0,29,0,34
PE31,,18,0,0,0,12,0,8,0,9
PE32,,26,0,0,0,12,22,33,0,81
PE33,,0,0,0,0,9,0,11,0,18
PE34,,35,0,0,0,12,0,25,0,32
PE36,,0,0,0,0,3,0,0,0,0
PE37,,0,0,0,0,6,0,0,0,0
PE38,,21,0,0,0,7,0,43,0,12
PE4,,251,0,292,12,10,0,40,0,29
PE5,,27,0,25,0,1,0,100,0,22
PE6,,446,0,417,0,17,0,47,0,219
PE7,,649,0,478,0,18,13,56,0,74
PE8,,120,0,49,0,11,0,55,0,62
PE9,,228,10,224,7,15,0,27,0,46
PL1,,150,0,0,0,14,0,50,135,258
PL10,,11,0,0,0,2,0,50,12,0
PL11,,51,0,0,34,5,0,60,18,31
PL12,,157,0,0,0,10,0,80,36,186
PL13,,25,0,0,0,5,0,60,57,113
PL14,,55,0,0,0,16,16,75,145,241
PL15,,86,0,0,44,17,0,76,162,178
PL16,,12,0,11,0,1,0,0,0,0
PL17,,41,0,0,0,4,0,50,12,78
PL18,,27,0,0,0,3,0,67,36,24
PL19,,114,0,122,0,11,0,55,29,136
PL2,,117,0,0,0,11,0,36,109,113
PL20,,147,0,147,0,7,0,71,11,18
PL21,,200,0,104,0,10,0,50,9,60
PL22,,14,0,0,0,3,0,0,0,0
PL23,,10,0,0,0,3,0,0,0,0
PL24,,49,0,0,0,4,0,25,0,137
PL25,,137,0,0,0,9,0,33,0,267
PL26,,206,0,0,0,12,0,25,34,127
PL27,,241,0,0,46,6,0,50,3,122
PL28,,65,0,0,0,2,0,50,20,46
PL29,,0,0,0,0,1,0,100,0,11
PL3,,185,0,0,49,8,0,50,103,162
PL30,,15,0,0,0,13,0,38,68,126
PL31,,72,0,0,0,7,0,14,0,36
PL32,,0,0,0,0,3,0,33,10,20
PL33,,0,0,0,0,1,0,0,0,0
PL34,,0,0,0,0,1,0,100,10,9
PL35,,0,0,0,0,1,0,100,0,10
PL4,,182,0,0,81,10,117,30,77,54
PL5,,406,0,0,44,22,29,59,173,374
PL6,,193,0,58,0,19,0,37,189,359
PL7,,195,0,44,18,13,5,69,202,128
PL8,,62,0,66,0,4,0,100,0,59
PL9,,222,0,15,121,10,0,90,177,306
PO10,,72,0,120,0,8,0,38,0,59
PO11,,70,0,0,0,5,0,40,0,36
PO12,,364,0,0,0,16,0,38,0,200
PO13,,332,0,0,0,16,0,38,0,124
PO14,,357,66,26,60,19,65,32,0,140
PO15,,138,0,18,0,6,0,50,0,46
PO16,,342,0,0,0,11,0,45,0,252
PO17,,0,0,25,0,3,0,33,0,27
PO18,,49,0,72,0,12,0,17,0,35
PO19,,0,0,34,0,15,0,13,0,66
PO2,,269,0,294,0,16,0,38,0,69
PO20,,12,0,48,0,14,0,7,0,14
PO21,,166,0,113,0,10,0,20,0,105
PO22,,0,0,0,0,7,0,14,0,90
PO3,,102,22,158,4,6,0,17,0,72
PO30,,126,0,51,0,17,0,0,0,0
PO31,,29,0,52,0,5,0,0,0,0
PO32,,41,0,11,0,3,0,0,0,0
PO33,,148,0,47,5,10,0,0,0,0
PO34,,0,0,0,0,1,0,0,0,0
PO35,,40,0,0,0,1,0,0,0,0
PO36,,10,0,59,0,4,0,0,0,0
PO37,,22,0,0,0,2,0,0,0,0
PO38,,9,0,30,0,6,0,0,0,0
PO39,,0,0,0,0,1,0,0,0,0
PO4,,71,0,0,0,12,0,33,0,102
PO40,,0,0,0,0,1,0,0,0,0
PO41,,0,0,0,0,1,0,0,0,0
PO5,,135,0,197,0,8,0,50,0,40
PO7,,373,0,205,0,18,0,39,0,122
PO8,,185,8,159,0,14,0,14,0,139
PO9,,126,0,189,0,20,0,15,0,39
PR1,,518,0,410,36,38,0,34,15,43
PR2,,580,0,638,30,37,0,38,30,196
PR25,,207,0,0,60,18,0,44,98,29
PR26,,188,0,0,0,7,0,71,16,97
PR3,,457,30,450,78,37,30,24,54,157
PR4,,564,0,351,36,40,0,38,30,186
PR5,,444,0,0,36,23,0,57,56,129
PR6,,454,0,24,0,21,0,67,140,335
PR7,,721,0,72,62,34,12,50,134,434
PR8,,264,0,0,56,16,0,13,0,28
PR9,,125,0,0,0,15,0,27,0,94
RG1,,145,41,187,12,19,0,11,3,0
RG10,,81,0,115,0,11,24,64,0,201
RG12,,319,0,210,0,17,0,12,0,20
RG17,,46,0,98,0,8,0,38,0,91
RG2,,238,78,436,145,23,0,17,0,30
RG20,,232,12,182,12,22,0,32,0,96
RG21,,160,0,173,5,15,0,40,0,174
RG22,,289,0,255,0,16,0,19,0,132
RG24,,333,0,287,0,13,0,23,0,161
RG25,,64,0,111,0,4,0,100,0,33
RG26,,145,0,137,0,9,0,44,0,101
RG27,,134,0,98,0,11,0,27,0,54
RG28,,0,0,58,0,2,0,0,0,0
RG29,,50,0,79,0,5,0,40,0,37
RG30,,267,40,421,15,21,24,29,30,170
RG4,,435,96,466,105,21,111,33,10,179
RG40,,251,0,121,0,21,9,29,4,179
RG41,,327,0,393,28,14,0,36,0,99
RG42,,114,0,130,0,13,0,15,0,29
RG45,,7,0,45,0,8,0,13,0,11
RG5,,158,0,234,0,12,5,42,0,11
RG6,,197,0,208,0,8,0,50,0,101
RG7,,210,15,376,18,26,12,35,0,87
RG8,,110,0,196,24,13,0,23,0,50
RG9,,163,0,99,0,13,0,8,0,17
RH1,,159,0,311,0,18,0,22,0,34
RH10,,162,0,54,0,24,0,25,0,319
RH11,,132,0,82,0,18,0,17,0,96
RH12,,25,0,118,0,22,0,14,0,128
RH13,,160,0,111,0,23,0,17,0,100
RH14,,0,0,0,0,6,0,0,0,0
RH15,,140,0,43,0,12,0,33,0,235
RH16,,118,0,34,0,12,0,0,0,0
RH17,,116,0,61,0,18,0,11,0,56
RH18,,136,0,39,0,3,0,0,0,0
RH19,,29,0,25,0,15,0,13,0,20
RH2,,19,0,9,0,15,0,0,0,0
RH20,,0,0,0,0,11,0,9,0,18
RH4,,253,0,276,0,9,0,33,0,150
RH5,,0,0,0,0,10,0,0,0,0
RH6,,150,0,122,0,12,0,25,0,71
RH8,,155,0,106,0,9,0,33,0,33
RH9,,34,0,49,0,2,0,50,0,20
RM1,,0,0,0,0,13,0,0,0,0
RM10,,0,0,0,0,13,0,0,0,0
RM11,,0,0,0,0,11,0,0,0,0
RM12,,0,0,0,0,12,0,0,0,0
RM13,,0,0,0,0,11,0,0,0,0
RM14,,0,0,0,0,13,0,0,0,0
RM15,,89,0,109,0,11,0,45,0,51
RM16,,291,0,531,0,16,0,50,43,144
RM17,,47,0,76,0,8,0,50,3,92
RM18,,80,0,94,0,5,0,80,34,7
RM2,,0,0,0,0,6,0,0,0,0
RM3,,0,0,0,0,14,0,0,0,0
RM4,,0,0,0,0,3,0,0,0,0
RM5,,0,0,0,0,3,0,0,0,0
RM6,,0,0,0,0,13,0,0,0,0
RM7,,0,0,0,0,7,0,0,0,0
RM8,,0,0,0,0,13,0,0,0,0
RM9,,0,0,0,0,14,0,0,0,0
S1,,0,0,0,0,1,0,0,0,0
S10,,274,5,359,0,15,0,20,0,206
S11,,115,1,123,0,10,0,30,10,128
S12,,203,0,57,0,10,0,0,0,0
S13,,140,0,167,0,10,0,20,12,94
S14,,0,0,0,0,2,0,0,0,0
S17,,33,0,116,0,6,0,17,0,30
S18,,395,0,0,0,14,0,43,121,354
S2,,195,0,166,0,18,0,6,4,48
S20,,14,20,62,0,11,0,9,0,71
S21,,211,0,0,0,11,0,18,0,3
S25,,38,0,30,0,10,0,20,0,56
S26,,63,0,95,0,14,0,0,0,0
S3,,12,0,77,0,6,0,0,0,0
S32,,37,0,0,0,5,0,40,0,19
S33,,19,0,0,0,7,38,43,38,0
S35,,304,0,197,0,19,0,26,8,147
S36,,121,0,223,0,13,0,54,0,160
S4,,88,0,60,0,6,0,0,0,0
S40,,294,0,0,29,14,7,57,86,373
S41,,443,0,0,87,18,25,61,59,246
S42,,247,0,0,0,10,2,50,7,150
S43,,307,0,0,16,21,2,24,24,93
S44,,164,0,0,0,12,1,25,3,115
S45,,122,0,0,0,6,0,33,8,102
S5,,31,0,127,0,19,0,0,0,0
S6,,102,0,211,0,16,0,6,0,44
S60,,78,0,29,0,18,0,6,0,26
S61,,15,0,53,0,15,0,0,0,0
S62,,44,0,91,0,12,0,8,0,20
S63,,119,0,183,0,18,0,6,46,0
S64,,30,0,33,0,13,0,0,0,0
S66,,121,23,120,0,18,0,0,0,0
S7,,206,0,275,20,9,0,11,0,40
S70,,131,97,184,44,15,238,13,0,22
S71,,244,16,251,0,17,0,18,0,65
S72,,106,0,49,38,10,0,10,0,22
S73,,83,4,99,17,10,0,40,0,88
S74,,92,26,55,80,8,80,50,85,21
S75,,180,0,341,0,18,0,22,53,75
S8,,54,0,60,0,14,0,21,10,95
S80,,130,0,140,0,13,0,38,36,235
S81,,239,9,256,0,14,0,36,66,222
S9,,0,0,20,0,13,0,8,0,60
SE1,,0,0,0,0,27,0,0,0,0
SE10,,0,0,0,0,9,0,0,0,0
SE11,,0,0,0,0,14,0,0,0,0
SE12,,0,0,0,0,10,0,0,0,0
SE13,,0,0,0,0,8,0,0,0,0
SE14,,0,0,0,0,10,0,0,0,0
SE15,,0,0,0,0,28,0,0,0,0
SE16,,0,0,0,0,19,0,0,0,0
SE17,,0,0,0,0,12,0,0,0,0
SE18,,0,0,0,0,27,0,0,0,0
SE19,,0,0,0,0,12,0,0,0,0
SE2,,0,0,0,0,8,0,0,0,0
SE20,,0,0,0,0,6,0,0,0,0
SE21,,0,0,0,0,11,0,0,0,0
SE22,,0,0,0,0,11,0,0,0,0
SE23,,0,0,0,0,14,0,0,0,0
SE24,,0,0,0,0,8,0,0,0,0
SE25,,0,0,0,0,13,0,0,0,0
SE26,,0,0,0,0,10,0,0,0,0
SE27,,0,0,0,0,6,0,0,0,0
SE28,,0,0,0,0,11,0,0,0,0
SE3,,0,0,0,0,18,0,0,0,0
SE4,,0,0,0,0,9,0,0,0,0
SE5,,0,0,0,0,18,0,0,0,0
SE6,,0,0,0,0,18,0,0,0,0
SE7,,0,0,0,0,9,0,0,0,0
SE8,,0,0,0,0,12,0,0,0,0
SE9,,0,0,0,0,29,0,0,0,0
SG10,,27,0,28,0,2,0,0,0,0
SG13,,144,18,109,21,10,0,40,0,34
SG16,,100,0,0,0,4,0,75,0,37
SG17,,160,0,0,0,6,0,50,0,56
SG18,,99,6,130,0,12,0,33,0,39
SG19,,104,0,84,0,12,0,33,0,20
SG2,,138,23,223,13,22,0,14,0,14
SG3,,100,0,96,0,3,0,0,0,0
SG4,,358,0,251,0,19,0,42,0,97
SG5,,337,0,116,0,17,0,47,0,111
SG6,,92,0,146,0,17,0,24,0,37
SG7,,47,0,64,0,8,0,0,0,0
SG8,,294,0,332,30,22,0,41,0,118
SK1,,52,0,33,0,5,0,0,0,0
SK10,,556,72,500,81,22,46,36,46,327
SK11,,359,84,215,24,17,0,18,0,115
SK12,,233,0,224,0,9,0,11,0,110
SK13,,204,0,0,28,20,0,30,0,84
SK14,,334,0,240,0,22,0,14,0,74
SK15,,203,0,260,0,14,0,29,0,144
SK16,,53,0,48,0,11,0,18,0,77
SK17,,226,0,24,36,26,4,19,89,48
SK2,,91,0,107,0,11,0,9,0,29
SK22,,130,0,0,32,9,0,67,0,76
SK23,,166,0,0,0,10,0,20,29,23
SK3,,183,0,77,0,15,0,20,0,33
SK4,,296,0,257,0,19,0,32,0,146
SK5,,51,0,55,0,14,0,7,0,30
SK6,,373,0,283,0,21,0,19,0,118
SK7,,249,0,328,0,15,0,33,0,132
SK8,,598,0,562,0,32,60,13,0,48
SK9,,442,0,402,0,16,65,38,1,262
SL0,,47,0,52,0,4,0,25,0,23
SL1,,192,78,215,19,29,0,7,0,36
SL3,,133,45,138,9,21,0,0,0,0
SL4,,155,11,303,0,30,0,3,0,23
SL5,,111,0,72,0,15,0,0,0,0
SL6,,452,47,365,9,42,0,17,0,268
SL7,,130,0,137,0,12,0,17,0,24
SL8,,48,0,0,0,3,0,33,0,24
SL9,,50,0,63,0,10,0,30,0,96
SM1,,0,0,0,0,11,0,0,0,0
SM3,,0,0,0,0,9,0,0,0,0
SM4,,0,0,0,0,12,0,0,0,0
SM5,,0,0,0,0,18,0,0,0,0
SM6,,0,0,0,0,15,0,0,0,0
SM7,,264,0,211,0,8,0,25,0,38
SN1,,71,0,34,0,9,0,33,0,96
SN10,,116,0,76,0,20,0,20,0,107
SN12,,28,0,55,0,11,0,27,0,43
SN13,,144,0,113,0,7,0,86,0,18
SN14,,183,56,68,36,14,18,64,0,80
SN15,,161,0,116,0,17,0,71,0,73
SN16,,80,0,80,0,8,0,75,0,80
SN2,,38,0,53,0,15,0,7,0,23
SN25,,187,0,36,0,18,0,28,0,141
SN26,,0,0,0,0,1,0,0,0,0
SN3,,108,0,45,0,23,0,9,0,49
SN4,,132,0,62,0,12,0,17,0,12
SN5,,166,0,174,0,14,0,29,0,78
SN6,,84,9,87,19,14,18,29,0,120
SN7,,8,0,0,8,9,0,0,0,0
SN8,,167,0,202,0,15,0,80,0,169
SN9,,18,0,28,0,6,0,33,0,18
SO15,,261,0,0,0,14,0,0,0,0
SO16,,448,0,0,0,28,0,25,48,84
SO17,,101,0,0,0,5,0,20,0,36
SO19,,197,0,0,0,19,0,37,89,36
SO20,,34,0,0,0,5,0,40,39,0
SO21,,170,0,181,0,14,0,43,0,94
SO22,,55,0,253,0,11,0,45,0,190
SO23,,185,0,143,0,8,0,25,0,41
SO24,,41,0,34,0,6,0,33,0,33
SO30,,362,0,229,30,9,12,56,0,96
SO31,,372,0,105,0,15,0,20,0,90
SO32,,135,0,262,0,11,0,27,0,47
SO40,,380,0,348,0,19,0,21,0,143
SO41,,265,17,203,5,15,0,33,0,155
SO42,,42,0,44,0,2,0,50,0,28
SO43,,0,0,0,0,4,0,0,0,0
SO45,,409,0,202,0,16,0,25,0,158
SO50,,324,0,367,0,16,0,50,0,237
SO51,,293,0,0,4,15,2,67,121,292
SO52,,55,0,0,30,2,0,0,0,0
SO53,,225,35,257,25,14,0,50,0,153
SP1,,157,0,167,0,19,0,47,0,46
SP10,,424,0,0,0,19,0,21,120,129
SP11,,255,0,24,6,22,0,41,30,123
SP2,,75,0,86,0,13,0,23,0,53
SP3,,38,0,21,0,8,0,75,0,8
SP4,,169,0,151,0,20,0,55,0,54
SP5,,91,0,123,0,14,0,43,0,61
SP6,,24,0,86,0,9,0,56,0,93
SP7,,68,19,91,27,8,11,38,0,4
SP8,,43,6,59,9,7,0,0,0,0
SR1,,0,0,0,0,1,0,0,0,0
SR2,,221,0,209,0,19,0,16,2,8
SR3,,270,0,225,0,17,0,24,3,15
SR5,,263,0,214,231,16,0,44,23,74
SR8,,154,0,93,0,20,0,30,0,129
SS1,,66,11,301,0,6,0,50,0,186
SS11,,17,0,18,0,5,0,40,0,42
SS12,,75,0,54,18,7,0,71,0,14
SS15,,67,0,64,0,9,0,33,0,24
SS16,,49,148,55,65,10,27,40,0,23
SS17,,336,0,390,0,11,0,64,0,153
SS2,,83,0,267,0,13,0,8,149,0
SS3,,69,0,129,0,9,0,44,0,24
SS4,,55,0,0,0,10,0,30,0,48
SS5,,118,0,0,0,5,0,20,0,24
SS6,,168,0,0,0,10,0,10,0,24
SS7,,217,0,0,0,18,36,44,18,132
SS8,,97,0,0,0,12,0,17,0,42
SS9,,694,3,412,0,18,0,39,0,348
ST1,,118,0,149,0,14,0,21,120,101
ST10,,114,0,182,30,19,0,37,0,374
ST11,,197,59,254,0,9,55,33,55,96
ST12,,0,0,23,0,2,0,50,0,25
ST13,,139,0,95,80,17,24,12,24,17
ST14,,112,33,45,36,17,48,18,98,314
ST15,,321,0,527,56,11,0,45,98,604
ST16,,235,63,227,57,10,0,50,100,29
ST17,,854,92,923,76,22,0,50,76,1007
ST18,,152,207,194,91,13,0,54,20,325
ST19,,0,0,0,0,14,60,7,60,48
ST2,,274,0,375,0,15,0,27,6,209
ST20,,117,0,70,0,3,0,100,0,192
ST21,,54,0,37,0,3,0,0,0,0
ST3,,519,12,587,71,27,0,19,0,318
ST4,,661,319,622,344,22,269,36,338,357
ST5,,675,102,741,165,38,82,39,86,647
ST6,,583,70,762,126,26,0,27,60,364
ST7,,507,0,422,3,28,0,29,120,473
ST8,,55,40,72,48,10,27,20,34,118
ST9,,186,104,224,66,8,0,38,0,131
SW10,,0,0,0,0,6,0,0,0,0
SW11,,0,0,0,0,24,0,0,0,0
SW12,,0,0,0,0,16,0,0,0,0
SW13,,0,0,0,0,6,0,0,0,0
SW14,,0,0,0,0,6,0,0,0,0
SW15,,0,0,0,0,26,0,0,0,0
SW16,,0,0,0,0,16,0,0,0,0
SW17,,0,0,0,0,23,0,0,0,0
SW18,,0,0,0,0,18,0,0,0,0
SW19,,0,0,0,0,31,0,0,0,0
SW1E,,0,0,0,0,1,0,0,0,0
SW1H,,0,0,0,0,1,0,0,0,0
SW1P,,0,0,0,0,10,0,0,0,0
SW1V,,0,0,0,0,7,0,0,0,0
SW1W,,0,0,0,0,5,0,0,0,0
SW1X,,0,0,0,0,5,0,0,0,0
SW2,,0,0,0,0,16,0,0,0,0
SW20,,0,0,0,0,14,0,0,0,0
SW3,,0,0,0,0,10,0,0,0,0
SW4,,0,0,0,0,17,0,0,0,0
SW5,,0,0,0,0,5,0,0,0,0
SW6,,0,0,0,0,25,0,0,0,0
SW7,,0,0,0,0,9,0,0,0,0
SW8,,0,0,0,0,9,0,0,0,0
SW9,,0,0,0,0,12,0,0,0,0
SY1,,340,0,190,27,13,3,31,0,91
SY10,,110,0,118,0,7,0,43,0,30
SY11,,110,0,191,100,12,0,33,0,56
SY12,,50,0,22,0,6,0,50,0,24
SY13,,38,1,16,14,10,0,0,0,0
SY14,,0,0,39,0,5,0,0,0,0
SY15,,0,0,0,0,1,0,0,0,0
SY2,,128,0,79,55,8,0,25,0,41
SY3,,110,69,125,25,12,24,25,0,33
SY4,,200,0,148,14,20,94,35,0,89
SY5,,116,6,160,59,13,0,38,0,44
SY6,,72,0,42,22,4,0,50,0,20
SY7,,82,10,128,0,11,13,18,0,30
SY8,,156,0,152,0,9,0,22,0,21
TA1,,155,0,177,0,16,0,31,0,124
TA10,,88,0,105,0,6,0,67,0,110
TA11,,36,0,39,0,5,0,40,0,36
TA12,,42,0,36,0,3,0,67,0,54
TA13,,24,0,24,0,2,0,100,0,18
TA14,,6,0,12,0,3,0,67,0,30
TA15,,0,0,0,0,1,0,100,0,24
TA16,,0,0,0,0,1,0,0,0,0
TA17,,0,0,0,0,1,0,0,0,0
TA18,,0,0,0,0,8,0,0,0,0
TA19,,12,0,0,0,6,0,17,0,31
TA2,,78,0,92,0,18,0,22,0,69
TA20,,66,0,84,0,11,0,27,0,51
TA21,,59,0,44,0,13,0,54,0,88
TA22,,24,0,22,0,2,0,50,0,18
TA23,,0,0,0,0,2,0,0,0,0
TA24,,0,0,0,0,9,0,0,0,0
TA3,,137,0,85,0,11,0,45,0,117
TA4,,132,0,76,0,11,0,64,0,208
TA5,,12,0,14,0,7,0,29,0,30
TA6,,105,0,134,0,21,0,33,0,138
TA7,,96,0,92,0,10,0,40,0,65
TA8,,12,0,47,0,4,0,25,0,12
TA9,,12,0,21,0,8,0,0,0,0
TD15,,117,0,49,0,16,0,0,0,0
TF1,,54,0,95,0,15,0,13,0,96
TF10,,145,0,230,0,12,0,17,0,96
TF11,,114,0,50,0,7,0,14,0,17
TF12,,31,14,89,0,3,18,67,0,27
TF13,,0,0,22,0,3,0,33,0,17
TF2,,145,0,62,0,17,0,12,0,84
TF3,,76,0,109,0,10,0,10,0,72
TF4,,47,0,18,0,11,0,0,0,0
TF5,,41,0,120,0,1,0,0,0,0
TF6,,27,0,29,0,5,0,20,0,36
TF7,,77,0,85,0,10,0,0,0,0
TF8,,22,0,19,0,2,0,0,0,0
TF9,,102,0,101,0,14,0,29,0,44
TN1,,0,0,0,0,1,0,0,0,0
TN10,,26,0,16,0,6,0,0,0,0
TN11,,131,0,78,0,13,0,31,0,65
TN12,,89,0,30,0,10,0,0,0,0
TN13,,171,0,211,0,16,0,13,0,77
TN14,,100,0,174,0,10,0,20,0,40
TN15,,91,63,74,0,14,0,7,0,13
TN16,,13,0,0,0,7,0,29,0,43
TN17,,60,0,67,0,12,0,25,0,53
TN18,,40,0,40,0,4,0,0,0,0
TN2,,49,0,56,2,12,0,8,0,64
TN20,,21,0,13,0,4,0,25,0,21
TN21,,125,0,106,0,8,0,75,24,120
TN22,,216,0,288,0,16,0,69,0,75
TN23,,426,0,0,95,15,61,67,94,377
TN24,,72,0,0,0,13,0,31,0,212
TN25,,220,0,34,0,15,0,47,0,141
TN26,,70,0,30,0,4,0,50,0,46
TN27,,75,0,31,0,8,0,38,0,12
TN28,,0,0,0,0,3,0,0,0,0
TN29,,47,0,35,0,4,0,25,0,11
TN3,,121,0,50,0,9,0,22,0,28
TN30,,34,0,0,0,6,0,0,0,0
TN31,,36,0,79,0,8,0,63,0,44
TN32,,71,0,43,0,7,0,43,0,28
TN33,,172,0,134,0,9,0,67,0,74
TN37,,93,0,67,0,6,0,67,0,42
TN38,,37,0,49,0,9,0,44,0,11
TN4,,223,0,34,0,16,20,31,0,117
TN40,,50,0,61,0,7,0,57,0,30
TN5,,106,0,71,0,6,0,33,30,0
TN6,,133,0,169,0,9,0,44,0,44
TN8,,15,0,9,0,6,0,17,0,22
TN9,,44,32,40,0,9,11,22,0,49
TQ1,,241,0,240,49,14,4,29,0,101
TQ10,,52,0,47,0,1,0,0,0,0
TQ12,,429,212,432,190,27,0,56,0,121
TQ13,,199,0,128,0,14,0,36,0,39
TQ2,,235,0,273,92,13,0,23,0,140
TQ3,,250,0,99,83,7,8,57,12,116
TQ4,,216,0,172,0,5,0,20,0,28
TQ5,,139,0,80,12,7,0,71,0,63
TQ8,,11,0,13,0,1,0,0,0,0
TQ9,,179,22,108,40,18,0,39,0,92
TR1,,24,0,0,0,11,0,27,0,23
TR10,,21,0,0,0,3,0,67,0,24
TR11,,59,0,0,0,10,0,30,0,98
TR12,,65,0,0,0,9,0,44,0,36
TR13,,11,0,0,0,12,0,42,0,66
TR14,,36,0,0,0,14,0,36,0,71
TR15,,33,0,0,0,7,0,0,0,0
TR16,,29,0,0,0,7,0,43,0,24
TR17,,7,0,0,0,1,0,0,0,0
TR18,,112,0,0,0,9,0,67,29,46
TR19,,30,0,0,0,7,0,71,0,41
TR2,,45,0,0,0,9,0,56,0,63
TR20,,63,0,0,0,8,0,38,0,69
TR21,,0,0,0,0,1,0,0,0,0
TR26,,8,0,0,0,4,0,25,0,20
TR27,,53,0,0,0,8,0,50,0,81
TR3,,36,0,0,0,7,0,71,0,81
TR4,,32,0,0,0,11,0,27,0,24
TR5,,0,0,0,0,2,0,0,0,0
TR6,,0,0,0,0,1,0,0,0,0
TR7,,56,0,0,0,6,0,33,0,121
TR8,,30,0,0,0,5,0,20,0,21
TR9,,42,0,0,0,2,0,50,0,36
TS1,,18,0,59,0,5,0,0,0,0
TS10,,152,24,89,13,15,0,33,101,48
TS11,,0,0,0,0,5,0,20,0,53
TS12,,177,0,152,0,10,0,0,0,0
TS13,,21,0,0,0,6,0,0,0,0
TS14,,162,0,102,0,7,0,57,0,12
TS15,,80,0,70,0,8,0,38,0,45
TS16,,90,0,72,0,7,0,14,0,25
TS17,,30,0,223,0,18,0,6,0,71
TS18,,24,0,0,0,8,0,0,0,0
TS19,,52,0,89,0,17,0,0,0,0
TS2,,0,0,0,0,1,0,0,0,0
TS20,,22,0,0,0,9,0,0,0,0
TS22,,106,0,56,0,5,0,0,0,0
TS23,,44,0,68,0,11,0,9,0,15
TS24,,15,0,25,0,11,0,0,0,0
TS25,,184,0,60,0,18,0,0,0,0
TS26,,175,7,88,0,7,0,0,0,0
TS27,,63,0,75,0,7,0,14,0,6
TS28,,0,0,0,0,4,0,0,0,0
TS29,,0,0,14,0,3,0,0,0,0
TS3,,118,0,120,0,19,0,0,0,0
TS4,,131,0,137,0,9,0,0,0,0
TS5,,181,0,162,0,12,0,8,2,2
TS6,,169,0,278,0,15,0,33,32,89
TS7,,32,0,21,0,11,0,9,2,2
TS8,,77,0,69,0,7,0,29,0,41
TS9,,58,0,57,0,8,0,0,0,0
TW1,,0,0,0,0,10,0,0,0,0
TW10,,0,0,0,0,12,0,0,0,0
TW11,,0,0,0,0,7,0,0,0,0
TW12,,0,0,0,0,11,0,0,0,0
TW13,,0,0,0,0,15,0,0,0,0
TW14,,0,0,0,0,8,0,0,0,0
TW15,,226,0,236,0,9,0,56,0,87
TW16,,103,0,49,0,9,0,22,0,32
TW17,,79,0,24,0,6,0,0,0,0
TW19,,26,0,35,0,3,0,0,0,0
TW2,,0,0,0,0,17,0,0,0,0
TW20,,129,0,167,0,10,0,30,0,30
TW3,,0,0,0,0,10,0,0,0,0
TW4,,0,0,0,0,8,0,0,0,0
TW5,,0,0,0,0,10,0,0,0,0
TW7,,0,0,0,0,16,0,0,0,0
TW8,,0,0,0,0,7,0,0,0,0
TW9,,0,0,0,0,10,0,0,0,0
UB1,,0,0,0,0,16,0,0,0,0
UB10,,0,0,0,0,16,0,0,0,0
UB2,,0,0,0,0,14,0,0,0,0
UB3,,0,0,0,0,15,0,0,0,0
UB4,,0,0,0,0,16,0,0,0,0
UB5,,0,0,0,0,12,0,0,0,0
UB6,,0,0,0,0,15,0,0,0,0
UB7,,0,0,0,0,12,0,0,0,0
UB8,,0,0,0,0,15,0,0,0,0
UB9,,0,0,0,0,5,0,0,0,0
W10,,0,0,0,0,23,0,0,0,0
W11,,0,0,0,0,12,0,0,0,0
W12,,0,0,0,0,21,0,0,0,0
W13,,0,0,0,0,10,0,0,0,0
W14,,0,0,0,0,13,0,0,0,0
W1B,,0,0,0,0,3,0,0,0,0
W1D,,0,0,0,0,1,0,0,0,0
W1G,,0,0,0,0,1,0,0,0,0
W1H,,0,0,0,0,6,0,0,0,0
W1J,,0,0,0,0,1,0,0,0,0
W1K,,0,0,0,0,1,0,0,0,0
W1U,,0,0,0,0,3,0,0,0,0
W1W,,0,0,0,0,1,0,0,0,0
W2,,0,0,0,0,15,0,0,0,0
W3,,0,0,0,0,21,0,0,0,0
W4,,0,0,0,0,14,0,0,0,0
W5,,0,0,0,0,17,0,0,0,0
W6,,0,0,0,0,24,0,0,0,0
W7,,0,0,0,0,11,0,0,0,0
W8,,0,0,0,0,7,0,0,0,0
W9,,0,0,0,0,12,0,0,0,0
WA1,,151,121,88,78,11,0,36,26,120
WA10,,126,0,0,0,13,0,8,0,19
WA11,,135,0,0,0,14,0,0,0,0
WA12,,207,0,0,0,10,19,20,0,18
WA13,,168,0,122,26,6,0,33,27,81
WA14,,259,0,292,0,16,0,6,0,50
WA15,,333,0,352,0,18,0,6,0,18
WA16,,330,79,177,89,12,0,17,60,118
WA2,,250,0,218,9,17,0,29,0,64
WA3,,178,11,326,59,23,0,22,0,77
WA4,,273,0,190,99,24,12,21,0,96
WA5,,355,157,528,148,23,0,35,0,141
WA6,,151,15,122,0,12,0,50,0,56
WA7,,260,6,277,18,40,0,30,0,172
WA8,,185,19,185,0,30,0,20,0,177
WA9,,194,0,0,0,21,0,5,0,33
WC1A,,0,0,0,0,1,0,0,0,0
WC1B,,0,0,0,0,1,0,0,0,0
WC1H,,0,0,0,0,1,0,0,0,0
WC1N,,0,0,0,0,3,0,0,0,0
WC2B,,0,0,0,0,2,0,0,0,0
WC2E,,0,0,0,0,1,0,0,0,0
WD18,,63,0,45,12,12,0,25,0,66
WD19,,90,0,86,0,9,0,0,0,0
WD23,,120,14,136,0,20,0,20,0,36
WD24,,18,0,14,0,7,0,29,0,67
WD25,,41,0,32,0,17,0,12,0,22
WD3,,292,63,320,42,25,0,36,0,123
WD4,,43,0,47,0,4,0,25,0,27
WD6,,65,0,47,0,17,0,0,0,0
WD7,,160,0,97,0,9,0,33,0,32
WF1,,208,0,163,0,19,0,16,0,125
WF10,,92,0,47,0,18,0,11,0,47
WF11,,29,0,49,0,8,0,0,0,0
WF12,,113,0,0,0,18,0,39,40,97
WF13,,285,0,0,0,15,0,40,21,42
WF14,,195,0,0,0,8,0,38,0,136
WF15,,183,0,0,0,9,0,78,89,102
WF16,,112,0,0,4,5,0,40,67,28
WF17,,374,0,0,6,27,0,63,141,200
WF2,,277,0,181,0,21,0,10,0,77
WF3,,380,48,279,48,13,0,46,6,255
WF4,,376,0,253,0,24,0,29,45,183
WF5,,219,0,176,0,12,0,8,0,28
WF6,,73,0,40,0,10,0,10,0,30
WF7,,102,0,64,0,13,0,23,0,102
WF8,,196,0,221,0,17,0,0,0,0
WF9,,96,0,149,0,18,0,6,0,28
WN1,,43,0,82,0,9,0,11,0,20
WN2,,316,0,151,12,27,0,22,0,22
WN3,,138,0,165,0,12,0,17,0,40
WN4,,113,0,105,0,14,0,29,0,10
WN5,,103,0,80,0,16,0,0,0,0
WN6,,294,0,176,0,16,0,31,0,70
WN7,,148,6,90,0,19,0,16,0,26
WN8,,188,0,0,0,31,0,19,0,121
WR10,,151,0,136,0,13,0,38,0,27
WR11,,336,0,333,19,23,0,35,0,66
WR12,,45,0,50,0,4,0,75,0,27
WR14,,202,0,217,0,15,0,40,0,53
WR15,,40,0,18,0,4,0,25,0,18
WR2,,182,0,223,0,13,0,46,0,120
WR3,,187,0,148,14,9,0,33,0,98
WR5,,220,0,87,0,15,0,27,0,53
WR6,,153,0,72,0,11,0,18,0,26
WR8,,83,38,69,27,5,0,60,0,63
WR9,,207,0,165,0,14,0,43,0,25
WS1,,60,18,88,0,16,0,0,0,0
WS10,,116,18,60,18,22,0,18,30,49
WS11,,330,75,295,77,18,24,39,63,421
WS12,,489,82,428,33,14,24,36,24,584
WS13,,241,0,298,0,16,60,50,43,501
WS14,,284,0,240,24,8,0,38,0,86
WS15,,336,0,305,21,19,24,21,24,204
WS2,,103,0,117,0,19,0,0,0,0
WS3,,262,0,213,0,25,0,8,30,12
WS4,,47,0,69,0,9,0,11,0,20
WS5,,41,0,40,6,7,0,0,0,0
WS6,,86,0,357,0,7,0,0,0,0
WS7,,283,0,260,0,11,0,27,0,264
WS8,,94,0,107,0,9,0,0,0,0
WS9,,180,36,189,36,12,0,17,0,86
WV1,,181,87,188,110,7,0,0,0,0
WV10,,274,0,175,0,23,0,0,0,0
WV11,,297,27,403,0,16,0,0,0,0
WV12,,127,0,69,0,11,0,0,0,0
WV13,,68,0,54,0,5,0,0,0,0
WV15,,0,0,0,0,3,0,0,0,0
WV16,,67,0,39,0,9,0,33,0,27
WV2,,0,0,7,0,5,0,0,0,0
WV3,,416,4,543,0,13,0,0,0,0
WV4,,200,34,173,0,20,0,0,0,0
WV5,,108,0,125,0,8,0,13,0,57
WV6,,290,0,124,42,22,60,5,60,120
WV7,,18,0,0,0,3,0,0,0,0
WV8,,224,171,158,129,9,18,11,18,80
WV9,,0,0,17,0,2,0,0,0,0
YO10,,140,38,132,15,11,0,18,0,49
YO12,,249,0,183,0,13,14,54,0,85
YO13,,68,0,102,0,7,0,0,0,0
YO15,,18,0,31,0,4,0,0,0,0
YO17,,39,0,105,0,15,0,20,0,10
YO18,,53,0,76,0,6,0,33,0,58
YO19,,41,0,38,14,7,0,0,0,0
YO22,,45,0,43,5,7,0,0,0,0
YO23,,179,37,157,83,10,56,50,0,142
YO26,,112,90,153,105,14,0,21,0,76
YO30,,25,26,27,25,10,7,30,0,71
YO31,,96,0,118,0,9,16,22,0,33
YO32,,216,106,254,90,9,0,44,36,42
YO41,,128,0,45,0,7,0,0,0,0
YO42,,35,0,61,0,9,0,11,0,9
YO51,,18,0,53,0,5,0,40,0,27
YO60,,0,0,39,0,5,0,0,0,0
YO61,,52,0,99,0,10,0,30,0,70
YO7,,0,0,68,0,17,0,12,0,14
YO8,,145,0,209,0,25,0,20,0,48
